player,position,age,team,games,games_started,minutes_played,field_goals,field_goal_attempts,three_pointers,three_point_attempts,two_pointers,two_point_attempts,free_throws,free_throw_attempts,offensive_rebounds,defensive_rebounds,assists,steals,blocks,turnovers,personal_fouls
Precious Achiuwa,C,22,TOR,73,28,1725,265,603,56,156,209,447,78,131,146,327,82,37,41,84,151
Steven Adams,C,28,MEM,76,75,1999,210,384,0,1,210,383,108,199,349,411,256,65,60,115,153
Bam Adebayo,C,24,MIA,56,56,1825,406,729,0,6,406,723,256,340,137,427,190,80,44,148,171
Santi Aldama,PF,21,MEM,32,0,360,53,132,6,48,47,84,20,32,33,54,21,6,10,16,36
LaMarcus Aldridge,C,36,BRK,47,12,1050,252,458,14,46,238,412,89,102,73,185,42,14,47,44,78
Nickeil Alexander-Walker,SG,23,NOP,50,19,1317,237,632,95,305,142,327,70,97,36,128,139,41,19,85,88
Nickeil Alexander-Walker,SG,23,UTA,15,2,149,16,48,10,33,6,15,11,12,1,22,17,5,4,8,15
Grayson Allen,SG,26,MIL,66,61,1805,255,569,159,389,96,180,64,74,32,190,100,46,18,43,96
Jarrett Allen,C,23,CLE,56,56,1809,369,545,1,10,368,535,165,233,192,410,92,44,75,94,97
Jose Alvarado,PG,23,NOP,54,1,834,131,294,32,110,99,184,36,53,25,75,152,71,7,40,73
Justin Anderson,SF,28,CLE,3,0,47,4,8,2,6,2,2,3,4,0,6,6,1,0,2,4
Justin Anderson,SF,28,IND,13,6,269,32,87,13,53,19,34,12,15,4,36,27,7,6,6,18
Kyle Anderson,PF,28,MEM,69,11,1484,209,469,36,109,173,360,67,105,69,299,183,77,45,71,108
Giannis Antetokounmpo,PF,27,MIL,67,67,2204,689,1245,71,242,618,1003,553,766,134,644,388,72,91,219,212
Thanasis Antetokounmpo,SF,29,MIL,48,6,473,70,128,2,14,68,114,29,46,40,61,22,16,12,26,68
Carmelo Anthony,PF,37,LAL,69,3,1793,319,723,149,397,170,326,132,159,62,226,68,47,52,59,166
Cole Anthony,PG,21,ORL,65,65,2059,357,912,132,391,225,521,216,253,32,316,369,46,17,170,171
OG Anunoby,SF,24,TOR,48,48,1728,309,697,115,317,194,380,89,118,74,190,125,71,25,80,131
Ryan Arcidiacono,PG,27,NYK,10,0,76,6,12,4,9,2,3,0,0,0,8,4,1,0,3,5
Trevor Ariza,SF,36,LAL,24,11,462,33,99,20,74,13,25,10,18,10,72,27,13,6,11,20
D.J. Augustin,PG,34,HOU,34,2,510,55,136,39,96,16,40,33,38,7,34,74,10,0,45,17
D.J. Augustin,PG,34,LAL,21,0,373,39,86,29,68,10,18,5,5,4,23,33,7,1,11,22
Deni Avdija,SF,21,WAS,82,8,1984,250,579,82,259,168,320,103,136,52,373,167,59,44,87,190
Joel Ayayi,SG,21,WAS,7,0,20,1,6,0,1,1,5,0,0,1,2,4,0,0,0,0
Deandre Ayton,C,23,PHO,58,58,1713,442,697,7,19,435,678,106,142,149,444,84,40,40,91,142
Udoka Azubuike,C,22,UTA,17,6,195,37,49,0,0,37,49,6,11,18,53,0,1,11,12,25
Marvin Bagley III,PF,22,SAC,30,17,656,114,246,15,62,99,184,35,47,67,148,17,9,11,21,50
Marvin Bagley III,PF,22,DET,18,8,490,111,200,8,35,103,165,32,54,38,85,19,13,7,18,43
LaMelo Ball,PG,20,CHO,75,75,2422,538,1254,220,565,318,689,212,243,108,393,571,119,30,245,237
Lonzo Ball,PG,24,CHI,35,35,1212,162,383,110,260,52,123,21,28,35,155,178,64,31,82,85
Mo Bamba,C,23,ORL,71,69,1824,296,617,107,281,189,336,57,73,148,424,85,38,118,77,182
Desmond Bane,SF,23,MEM,76,76,2266,508,1101,228,523,280,578,140,155,46,288,208,92,29,111,196
Dalano Banton,PG,22,TOR,64,1,696,83,202,13,51,70,151,26,44,38,86,99,28,10,53,68
Cat Barber,PG,27,ATL,3,0,13,0,4,0,0,0,4,0,4,1,2,3,0,0,1,1
Harrison Barnes,PF,29,SAC,77,77,2587,391,834,142,360,249,474,341,413,82,350,186,53,14,118,94
Scottie Barnes,PF,20,TOR,74,74,2617,459,932,58,193,401,739,158,215,195,362,256,80,55,136,192
RJ Barrett,SF,21,NYK,70,70,2417,487,1194,138,404,349,790,290,406,66,342,208,43,16,151,142
Will Barton,SG,31,DEN,71,71,2277,392,896,157,430,235,466,102,127,44,296,276,55,31,127,114
Paris Bass,SF,26,PHO,2,0,7,2,6,0,2,2,4,2,2,2,2,0,1,0,2,2
Charles Bassey,PF,21,PHI,23,0,168,30,47,0,4,30,43,9,12,22,40,7,5,17,8,32
Keita Bates-Diop,SF,26,SAS,59,14,956,136,263,17,55,119,208,46,61,62,169,41,27,14,45,61
Nicolas Batum,PF,33,LAC,59,54,1462,179,387,108,270,71,117,25,38,29,225,100,58,42,40,80
Kent Bazemore,SF,32,LAL,39,14,545,45,139,29,80,16,59,13,17,13,56,34,25,9,21,70
Darius Bazley,PF,21,OKC,69,53,1924,274,649,80,269,194,380,117,170,71,365,97,58,70,90,68
Bradley Beal,SG,28,WAS,40,40,1439,348,771,63,210,285,561,169,203,38,151,265,36,15,135,95
Malik Beasley,SG,25,MIN,79,18,1976,332,850,240,637,92,213,49,60,26,201,116,43,12,43,88
Jordan Bell,C,27,CHI,1,0,2,0,0,0,0,0,0,0,0,1,0,0,1,0,0,2
DeAndre' Bembry,SF,27,BRK,48,20,949,121,213,15,36,106,177,21,35,38,114,60,47,25,30,104
DeAndre' Bembry,SF,27,MIL,8,0,77,3,8,0,0,3,8,0,0,4,7,6,2,0,1,9
Dāvis Bertāns,PF,29,WAS,34,0,501,60,171,46,144,14,27,28,30,6,55,16,11,6,14,55
Dāvis Bertāns,PF,29,DAL,22,0,306,39,104,31,86,8,18,8,10,6,50,15,6,6,5,30
Patrick Beverley,PG,33,MIN,58,54,1476,177,436,83,242,94,194,96,133,62,178,268,67,52,73,174
Saddiq Bey,SF,22,DET,82,82,2704,450,1136,211,610,239,526,210,254,107,334,233,73,16,96,128
Khem Birch,C,29,TOR,55,28,991,97,200,0,14,97,186,53,71,122,117,56,30,26,29,104
Goga Bitadze,C,22,IND,50,16,729,131,252,23,80,108,172,64,94,79,98,55,21,42,46,107
Bismack Biyombo,C,29,PHO,36,3,506,86,145,0,0,86,145,38,71,63,104,23,12,26,25,70
Nemanja Bjelica,C,33,GSW,71,0,1142,160,342,54,149,106,193,59,81,62,232,159,41,26,87,128
Eric Bledsoe,PG,32,LAC,54,29,1361,197,468,51,163,146,305,89,117,28,154,225,69,19,116,85
Keljin Blevins,SF,26,POR,31,1,349,34,111,21,72,13,39,6,11,16,29,19,13,1,17,29
Bogdan Bogdanović,SG,29,ATL,63,27,1848,342,794,169,459,173,335,97,115,29,221,194,68,14,70,132
Bojan Bogdanović,PF,32,UTA,69,69,2131,422,928,181,468,241,460,223,260,58,238,120,34,1,118,116
Bol Bol,PF,22,DEN,14,0,81,15,27,1,4,14,23,2,5,4,16,5,1,2,4,4
Leandro Bolmaro,SF,21,MIN,35,2,241,17,54,5,18,12,36,11,13,16,27,21,6,0,13,26
Isaac Bonga,SF,22,TOR,15,0,69,3,13,1,4,2,9,5,8,4,3,4,8,2,2,10
Devin Booker,SG,25,PHO,68,68,2345,662,1421,183,478,479,943,315,363,45,297,329,77,26,162,180
Brandon Boston Jr.,SG,20,LAC,51,0,760,125,325,34,111,91,214,59,72,17,94,51,26,13,31,43
Chris Boucher,PF,29,TOR,80,9,1690,268,577,68,229,200,348,150,193,179,315,25,49,75,42,174
James Bouknight,SG,21,CHO,31,0,304,49,141,17,49,32,92,27,31,22,30,26,7,1,15,29
Avery Bradley,SG,31,LAL,62,45,1406,148,350,82,210,66,140,16,18,31,105,47,53,9,38,118
Tony Bradley,C,24,CHI,55,7,549,72,123,0,0,72,123,19,29,67,119,27,10,33,34,62
Ignas Brazdeikis,SF,23,ORL,42,1,536,81,188,27,87,54,101,21,32,23,49,37,10,3,17,48
Mikal Bridges,SF,25,PHO,82,82,2854,458,858,115,312,343,546,131,157,74,273,185,96,36,68,150
Miles Bridges,PF,23,CHO,80,80,2837,596,1214,154,465,442,749,267,333,90,469,300,74,67,150,193
Oshae Brissett,SF,23,IND,67,25,1564,208,506,83,237,125,269,114,164,108,250,72,44,29,54,116
Malcolm Brogdon,PG,29,IND,36,36,1206,243,543,58,186,185,357,143,167,33,152,212,30,14,77,71
Armoni Brooks,SG,23,HOU,41,8,690,87,251,64,213,23,38,16,19,12,69,49,21,8,23,60
Armoni Brooks,PG,23,TOR,13,3,154,11,38,10,36,1,2,2,2,8,14,13,7,3,4,14
Dillon Brooks,SF,26,MEM,32,31,885,227,526,46,149,181,377,90,106,29,73,88,36,8,50,105
Bruce Brown,SF,25,BRK,72,45,1774,256,506,38,94,218,412,97,128,100,245,148,77,52,56,176
Charlie Brown Jr.,SG,24,DAL,3,0,15,1,5,0,3,1,2,0,0,0,1,1,2,1,0,2
Charlie Brown Jr.,SG,24,PHI,19,2,162,9,34,1,9,8,25,9,10,14,17,5,8,3,5,16
Chaundee Brown Jr.,SF,23,LAL,2,0,21,1,7,0,3,1,4,0,0,0,2,0,0,0,1,0
Chaundee Brown Jr.,SG,23,ATL,3,2,83,9,25,6,15,3,10,5,6,1,13,4,2,0,0,7
Greg Brown III,SF,20,POR,48,6,640,81,190,19,61,62,129,44,65,38,97,35,26,24,36,90
Jaylen Brown,SF,25,BOS,66,66,2220,576,1217,166,464,410,753,241,318,53,351,231,70,18,178,163
Moses Brown,C,22,DAL,26,1,169,27,50,0,0,27,50,27,43,16,45,1,3,9,14,28
Moses Brown,C,22,CLE,14,5,176,37,58,0,0,37,58,16,29,23,51,0,4,7,6,25
Sterling Brown,SG,26,DAL,49,3,628,59,155,28,92,31,63,14,15,26,123,34,14,7,23,56
Troy Brown Jr.,SF,22,CHI,66,7,1055,108,258,47,133,61,125,20,26,39,164,66,36,5,26,62
Jalen Brunson,PG,25,DAL,79,61,2524,506,1008,94,252,412,756,179,213,43,266,377,66,3,124,151
Thomas Bryant,C,24,WAS,27,9,439,77,148,12,42,65,106,35,40,26,82,23,6,21,19,43
Shaq Buchanan,PG,25,MEM,2,0,10,1,4,0,2,1,2,0,0,1,1,2,1,0,2,1
Reggie Bullock,SF,30,DAL,68,37,1902,201,501,141,392,60,109,40,48,33,208,83,41,14,40,111
Trey Burke,PG,29,DAL,42,0,441,84,215,26,82,58,133,20,23,4,29,57,12,0,26,39
Alec Burks,SG,30,NYK,81,44,2318,285,728,157,389,128,339,217,264,47,350,239,85,26,91,215
Jared Butler,SG,21,UTA,42,1,360,61,151,28,88,33,63,11,16,5,40,63,17,8,33,47
Jimmy Butler,SF,32,MIA,57,57,1931,398,829,27,116,371,713,396,455,102,234,312,94,27,121,88
Devontae Cacok,PF,25,SAS,15,0,121,21,31,0,0,21,31,4,7,8,34,6,8,7,3,16
Kentavious Caldwell-Pope,SG,28,WAS,77,77,2329,361,829,159,408,202,421,137,154,41,220,145,83,26,97,139
Facundo Campazzo,PG,30,DEN,65,4,1184,107,296,58,193,49,103,60,78,23,94,220,63,23,67,124
Vlatko Čančar,PF,24,DEN,15,1,176,23,41,7,12,16,29,9,14,8,23,17,2,3,9,18
Devin Cannady,PG,25,ORL,5,0,145,15,44,15,37,0,7,5,7,1,5,10,5,3,5,9
Clint Capela,C,27,ATL,74,73,2042,370,604,0,1,370,603,80,169,279,598,92,55,93,44,166
Vernon Carey Jr.,C,20,CHO,4,1,17,3,6,0,0,3,6,2,3,3,2,0,1,0,1,1
Vernon Carey Jr.,C,20,WAS,3,0,27,4,7,0,0,4,7,4,10,5,2,0,1,1,2,3
Jevon Carter,PG,26,BRK,46,1,552,58,174,42,127,16,47,7,10,9,58,46,14,10,26,45
Jevon Carter,PG,26,MIL,20,2,353,40,79,24,43,16,36,8,8,5,38,50,10,4,8,22
Wendell Carter Jr.,C,22,ORL,62,61,1852,359,684,70,214,289,470,143,207,139,509,171,36,43,117,169
Alex Caruso,SG,27,CHI,41,18,1147,102,256,42,126,60,130,58,73,33,115,165,71,15,57,106
Willie Cauley-Stein,C,28,DAL,18,2,177,16,35,1,2,15,33,1,2,13,25,9,6,3,7,17
Willie Cauley-Stein,C,28,PHI,2,0,6,0,0,0,0,0,0,0,0,0,2,1,0,0,0,2
Ahmad Caver,PG,25,IND,1,0,1,1,1,0,0,1,1,0,0,0,0,0,0,0,0,0
Justin Champagnie,SF,20,TOR,36,0,281,31,67,10,28,21,39,9,9,37,35,11,8,4,8,32
Zylan Cheatham,SF,26,UTA,1,0,5,0,3,0,2,0,1,0,0,0,0,0,0,0,0,0
Chris Chiozza,PG,26,GSW,34,1,372,24,81,17,53,7,28,2,3,9,27,65,13,0,32,32
Marquese Chriss,PF,24,DAL,34,0,346,62,134,8,25,54,109,22,33,33,70,17,13,12,17,64
Josh Christopher,SG,20,HOU,74,2,1334,224,500,56,189,168,311,83,113,52,134,150,65,13,114,97
Gary Clark,PF,27,NOP,38,1,378,33,88,28,70,5,18,7,10,23,67,18,13,7,10,20
Brandon Clarke,PF,25,MEM,64,1,1246,288,447,5,22,283,425,85,130,135,207,86,39,68,34,122
Jordan Clarkson,SG,29,UTA,79,1,2141,466,1113,190,597,276,516,144,174,67,206,194,66,16,129,149
Nic Claxton,C,22,BRK,47,19,974,178,264,0,0,178,264,54,93,91,173,43,24,51,38,110
Amir Coffey,SG,24,LAC,69,30,1567,211,466,96,254,115,212,101,117,26,171,124,38,15,45,87
John Collins,PF,24,ATL,54,53,1663,339,644,64,176,275,468,134,169,93,329,98,33,56,60,164
Zach Collins,PF,24,SAS,28,4,502,76,155,14,41,62,114,52,65,46,107,61,13,23,45,67
Darren Collison,PG,34,LAL,3,0,37,2,7,0,3,2,4,0,0,0,4,2,1,0,1,5
Mike Conley,PG,34,UTA,72,72,2058,344,791,169,414,175,377,129,162,47,170,385,96,21,123,142
Pat Connaughton,SG,29,MIL,65,19,1691,227,496,146,370,81,126,45,54,45,228,82,59,15,35,86
Tyler Cook,PF,24,CHI,20,2,200,23,38,0,0,23,38,21,32,16,37,3,4,4,7,28
Sharife Cooper,PG,20,ATL,13,0,39,3,14,1,6,2,8,0,0,0,5,5,0,0,5,1
Petr Cornelie,PF,26,DEN,13,0,38,5,15,1,8,4,7,3,4,7,7,3,1,1,4,7
DeMarcus Cousins,C,31,MIL,17,5,287,55,118,13,48,42,70,31,38,24,74,18,16,8,16,46
DeMarcus Cousins,C,31,DEN,31,2,431,94,206,24,74,70,132,64,87,50,122,53,19,13,69,93
Robert Covington,PF,31,POR,48,40,1431,128,336,79,230,49,106,30,36,41,233,68,74,63,58,132
Robert Covington,SF,31,LAC,23,2,509,81,162,49,109,32,53,28,33,18,99,24,29,28,17,58
Torrey Craig,SF,31,IND,51,14,1034,128,281,46,138,82,143,27,35,59,136,58,24,19,39,95
Torrey Craig,SF,31,PHO,27,2,562,72,160,31,96,41,64,12,17,27,88,33,22,17,28,56
Jae Crowder,PF,31,PHO,67,67,1886,217,544,127,365,90,179,71,90,30,324,124,95,30,55,173
Jarrett Culver,SG,22,MEM,37,0,338,51,135,12,47,39,88,16,34,13,35,33,20,5,20,42
Jarron Cumberland,SG,24,POR,3,0,12,1,2,0,1,1,1,0,0,1,2,1,0,0,0,2
Cade Cunningham,PG,20,DET,64,64,2088,429,1031,114,363,315,668,142,168,58,296,356,78,43,234,200
Seth Curry,SG,31,PHI,45,45,1566,256,528,100,250,156,278,64,73,17,134,181,36,11,84,101
Seth Curry,SG,31,BRK,19,19,569,104,211,58,124,46,87,18,21,4,45,49,17,3,25,47
Stephen Curry,PG,33,GSW,64,64,2211,535,1224,285,750,250,474,275,298,34,301,404,85,23,206,130
Anthony Davis,C,28,LAL,40,40,1404,370,695,13,70,357,625,174,244,106,288,122,49,90,82,97
Ed Davis,C,32,CLE,31,3,201,11,16,0,0,11,16,6,14,14,50,7,3,9,5,33
Terence Davis,SG,24,SAC,30,11,536,113,267,49,149,64,118,36,44,11,83,40,25,11,33,70
Gabriel Deck,PF,26,OKC,7,0,56,8,14,2,4,6,10,0,0,1,5,5,1,0,2,2
Dewayne Dedmon,C,32,MIA,67,15,1065,164,290,19,47,145,243,75,100,105,281,47,24,42,70,174
Sam Dekker,PF,27,TOR,1,0,1,0,0,0,0,0,0,0,0,0,0,0,0,0,0,0
Javin DeLaurier,C,23,MIL,1,0,3,0,0,0,0,0,0,0,0,0,1,0,1,0,0,1
DeMar DeRozan,PF,32,CHI,76,76,2743,774,1535,50,142,724,1393,520,593,56,336,374,68,24,181,178
Mamadi Diakite,PF,25,OKC,13,3,188,25,47,0,5,25,42,6,11,17,42,2,5,9,7,33
Cheick Diallo,C,25,DET,3,0,31,3,8,0,0,3,8,5,6,4,8,0,1,0,1,6
Hamidou Diallo,SG,23,DET,58,29,1269,261,526,23,93,238,433,91,140,69,208,73,71,17,58,143
Gorgui Dieng,C,32,ATL,44,3,371,53,112,29,68,24,44,19,26,32,89,34,11,13,20,52
Spencer Dinwiddie,PG,28,WAS,44,44,1330,185,492,70,226,115,266,116,143,36,171,256,27,7,73,107
Spencer Dinwiddie,PG,28,DAL,23,7,650,121,243,42,104,79,139,79,109,9,63,90,17,6,31,43
Donte DiVincenzo,SG,25,MIL,17,0,341,39,118,21,74,18,44,23,27,18,42,29,11,3,28,26
Donte DiVincenzo,SG,25,SAC,25,1,665,79,218,53,144,26,74,47,56,22,88,89,37,5,44,43
Luka Dončić,PG,22,DAL,65,65,2301,641,1403,201,569,440,834,364,489,56,537,568,75,36,292,145
Luguentz Dort,SF,22,OKC,51,51,1665,293,726,130,391,163,335,161,191,38,174,88,46,18,88,149
Ayo Dosunmu,SG,22,CHI,77,40,2110,278,535,70,186,208,349,53,78,27,187,256,60,29,108,182
Damyean Dotson,SG,27,NYK,2,0,21,2,4,0,1,2,3,0,0,0,2,1,0,0,0,0
Devon Dotson,PG,22,CHI,11,0,85,11,23,2,9,9,14,5,9,1,8,15,1,0,5,11
Sekou Doumbouya,PF,21,LAL,2,0,16,5,8,1,2,4,6,3,4,2,4,0,3,2,2,1
Jeff Dowtin,PG,24,GSW,4,0,28,3,6,0,1,3,5,0,0,1,6,3,0,1,1,2
Jeff Dowtin,PG,24,MIL,1,0,3,0,1,0,1,0,0,0,0,0,0,0,0,0,0,0
Jeff Dowtin,PG,24,ORL,4,0,77,5,19,1,7,4,12,2,2,7,4,7,5,0,4,3
PJ Dozier,SG,25,DEN,18,0,340,36,99,15,48,21,51,10,13,14,49,29,11,6,13,33
Goran Dragić,PG,35,TOR,5,2,90,13,34,4,14,9,20,10,10,2,12,9,5,1,1,8
Goran Dragić,PG,35,BRK,16,6,408,44,117,12,49,32,68,17,23,11,40,77,14,3,33,37
Andre Drummond,C,28,PHI,49,12,902,128,238,0,2,128,236,42,82,136,297,97,56,45,79,121
Andre Drummond,C,28,BRK,24,24,535,119,195,0,1,119,194,44,82,93,154,34,22,23,36,71
Chris Duarte,SG,24,IND,55,39,1541,268,621,94,255,174,366,90,112,41,185,114,56,10,90,95
David Duke Jr.,PG,22,BRK,22,7,341,39,108,9,37,30,71,17,21,30,37,17,14,7,9,36
Kris Dunn,PG,27,POR,14,3,336,44,102,1,11,43,91,17,18,9,40,79,23,3,32,38
Kevin Durant,PF,33,BRK,55,55,2047,578,1115,115,300,463,815,372,409,29,378,351,48,52,191,113
Jaime Echenique,C,24,WAS,1,0,3,0,0,0,0,0,0,0,0,0,0,0,0,0,0,0
Anthony Edwards,SG,20,MIN,72,72,2466,549,1245,215,602,334,643,220,280,62,281,275,105,46,190,164
Carsen Edwards,SG,23,DET,4,0,79,9,30,4,16,5,14,1,1,2,4,14,2,0,5,4
Kessler Edwards,SF,21,BRK,48,23,987,110,267,48,136,62,131,16,19,44,128,31,29,24,42,85
Rob Edwards,SG,25,OKC,2,0,11,1,4,1,4,0,0,0,0,0,3,0,0,0,1,0
CJ Elleby,SF,21,POR,58,28,1174,121,308,37,126,84,182,60,84,66,161,87,35,19,56,116
Wayne Ellington,SG,34,LAL,43,9,810,98,237,82,211,16,26,9,11,10,67,30,23,5,19,42
Joel Embiid,C,27,PHI,68,68,2297,666,1334,93,251,573,1083,654,803,146,650,284,77,99,214,181
James Ennis III,SF,31,BRK,2,0,14,2,7,1,2,1,5,0,0,2,3,0,1,1,0,0
James Ennis III,SF,31,LAC,2,0,28,7,11,2,4,5,7,4,4,2,3,0,1,1,1,4
James Ennis III,SF,31,DEN,3,0,14,2,6,0,2,2,4,0,1,1,1,3,0,0,1,1
Drew Eubanks,C,24,SAS,49,9,595,84,159,1,8,83,151,59,79,64,132,50,13,30,46,61
Drew Eubanks,C,24,POR,22,22,650,137,212,4,15,133,197,40,51,66,120,35,18,10,35,61
Tacko Fall,C,26,CLE,11,1,59,5,12,0,0,5,12,2,7,7,16,2,0,6,3,3
Derrick Favors,C,30,OKC,39,18,653,94,182,2,16,92,166,16,25,58,126,25,17,12,9,62
Bruno Fernando,C,23,BOS,20,0,58,7,14,1,1,6,13,4,5,7,8,4,0,3,5,6
Bruno Fernando,C,23,HOU,10,0,94,29,41,0,1,29,40,11,19,11,29,3,1,8,9,18
Dorian Finney-Smith,PF,28,DAL,80,80,2644,326,692,172,435,154,257,56,83,122,253,150,88,39,80,183
Malik Fitts,PF,24,UTA,7,0,35,2,9,2,4,0,5,0,0,0,10,0,0,0,2,3
Malik Fitts,PF,24,BOS,8,0,28,6,10,3,6,3,4,0,0,2,5,5,0,0,0,1
Malachi Flynn,PG,23,TOR,44,5,537,72,183,30,90,42,93,15,24,10,53,70,20,4,13,45
Bryn Forbes,SG,28,SAS,40,1,676,128,296,63,151,65,145,44,49,4,59,41,17,3,33,42
Bryn Forbes,SG,28,DEN,35,1,610,103,243,59,144,44,99,35,38,6,24,34,8,2,23,53
Aleem Ford,SF,24,ORL,5,0,74,6,20,2,15,4,5,0,0,2,13,2,1,0,4,7
Trent Forrest,PG,23,UTA,60,6,765,76,155,5,27,71,128,38,48,23,76,106,30,6,48,43
Evan Fournier,SG,29,NYK,80,80,2358,402,965,241,619,161,346,80,113,34,176,171,79,20,105,180
De'Aaron Fox,PG,24,SAC,59,59,2083,516,1092,74,249,442,843,261,348,25,206,330,68,25,168,172
Melvin Frazier,SG,25,OKC,3,0,120,13,48,1,21,12,27,5,7,5,8,1,1,0,3,8
Tim Frazier,PG,31,ORL,10,3,200,13,43,6,17,7,26,5,9,5,14,33,3,1,13,24
Tim Frazier,PG,31,CLE,2,0,8,1,2,0,0,1,2,0,0,0,0,1,0,0,2,3
Enes Freedom,C,29,BOS,35,1,411,51,97,2,5,49,92,24,28,61,99,8,5,14,20,42
Markelle Fultz,PG,23,ORL,18,3,360,83,175,4,17,79,158,25,31,4,45,99,20,5,40,22
Wenyen Gabriel,PF,24,BRK,1,0,1,0,0,0,0,0,0,0,0,0,1,0,0,0,0,0
Wenyen Gabriel,PF,24,LAC,6,0,46,5,13,2,5,3,8,2,4,5,9,2,1,2,3,11
Wenyen Gabriel,PF,24,LAL,19,5,311,49,97,6,23,43,74,23,38,34,48,12,4,9,13,57
Daniel Gafford,C,23,WAS,72,53,1444,285,411,0,1,285,410,107,153,155,252,68,30,99,65,170
Danilo Gallinari,PF,33,ATL,66,18,1672,259,597,112,294,147,303,141,156,35,273,101,28,12,38,93
Langston Galloway,SG,30,BRK,4,0,58,5,13,2,8,3,5,0,0,1,7,5,0,0,5,5
Langston Galloway,SG,30,MIL,3,0,49,1,13,0,8,1,5,0,0,2,8,7,1,0,1,2
Darius Garland,PG,22,CLE,68,68,2430,542,1173,174,454,368,719,215,241,39,185,583,89,7,248,115
Marcus Garrett,SG,23,MIA,12,0,128,5,21,1,4,4,17,2,5,9,14,7,5,3,2,16
Usman Garuba,PF,19,HOU,24,2,239,19,44,5,20,14,24,5,7,21,62,17,10,11,6,28
Luka Garza,C,23,DET,32,5,389,66,147,16,49,50,98,38,61,58,42,20,9,6,18,55
Rudy Gay,PF,35,UTA,55,1,1038,157,379,70,203,87,176,62,79,55,187,56,25,19,47,95
Paul George,SF,31,LAC,31,31,1077,268,636,91,257,177,379,127,148,12,201,176,67,13,126,74
Taj Gibson,C,36,NYK,52,4,946,86,166,15,38,71,128,42,52,88,141,32,22,40,27,137
Josh Giddey,SG,19,OKC,54,54,1700,281,670,56,213,225,457,56,79,98,323,345,51,20,171,88
Shai Gilgeous-Alexander,PG,23,OKC,56,56,1942,477,1052,89,297,388,755,328,405,37,241,331,71,46,154,142
Anthony Gill,PF,29,WAS,44,0,463,62,109,14,26,48,83,42,52,33,52,27,5,11,18,58
Freddie Gillespie,PF,24,ORL,9,2,119,9,22,0,1,9,21,3,7,13,23,5,3,9,5,18
Rudy Gobert,C,29,UTA,66,66,2120,362,508,0,4,362,504,303,439,241,727,72,45,137,119,176
Brandon Goodwin,PG,26,CLE,36,5,502,64,154,19,55,45,99,24,38,14,53,91,25,1,36,39
Jordan Goodwin,SG,23,WAS,2,0,6,0,3,0,1,0,2,0,0,0,1,0,0,0,0,1
Aaron Gordon,PF,26,DEN,75,75,2376,434,834,87,260,347,574,171,230,125,314,188,44,44,133,148
Eric Gordon,SG,33,HOU,57,46,1669,268,564,124,301,144,263,105,135,15,98,154,28,18,107,63
Devonte' Graham,PG,26,NOP,76,63,2162,296,815,192,563,104,252,118,140,37,140,316,71,12,105,95
Jerami Grant,PF,27,DET,47,47,1500,298,699,91,254,207,445,217,259,28,163,111,44,49,85,107
Hassani Gravett,PG,25,ORL,8,3,171,18,38,11,26,7,12,3,4,1,20,20,5,1,9,13
Danny Green,SF,34,PHI,62,28,1353,126,320,103,271,23,49,11,14,32,125,64,60,37,45,105
Draymond Green,PF,31,GSW,46,44,1329,135,257,16,54,119,203,60,91,45,291,320,61,50,139,136
Jalen Green,SG,19,HOU,67,67,2138,406,954,157,458,249,496,188,236,33,193,176,44,18,135,103
JaMychal Green,PF,31,DEN,67,8,1085,159,327,33,124,126,203,81,93,81,200,59,43,26,57,158
Javonte Green,SF,28,CHI,65,45,1519,176,325,36,101,140,224,80,96,91,185,60,67,32,30,132
Jeff Green,C,35,DEN,75,63,1849,277,529,53,168,224,361,165,198,41,190,96,28,27,71,151
Josh Green,SG,21,DAL,67,3,1039,130,256,28,78,102,178,31,45,52,109,79,45,14,44,115
Blake Griffin,PF,32,BRK,56,24,958,133,313,38,145,95,168,55,76,60,168,105,27,14,31,95
Quentin Grimes,SG,21,NYK,46,6,786,95,235,72,189,23,46,13,19,24,70,44,31,11,28,72
Kyle Guy,SG,24,MIA,19,0,186,26,65,14,40,12,25,8,12,4,13,17,7,1,13,12
Rui Hachimura,PF,23,WAS,42,13,943,187,381,55,123,132,258,46,66,25,135,48,23,9,33,53
Tyrese Haliburton,SG,21,SAC,51,51,1757,268,586,104,252,164,334,87,104,39,160,379,86,34,115,71
Tyrese Haliburton,PG,21,IND,26,26,938,162,323,57,137,105,186,73,86,22,90,249,48,15,84,50
Tyler Hall,SG,24,NYK,1,0,2,0,0,0,0,0,0,0,0,0,0,0,0,0,0,0
R.J. Hampton,SG,20,ORL,64,14,1402,175,457,64,183,111,274,75,117,23,171,158,42,13,87,101
Tim Hardaway Jr.,SG,29,DAL,42,20,1245,209,530,102,304,107,226,78,103,13,143,92,38,6,34,74
James Harden,PG,32,BRK,44,44,1627,292,706,102,307,190,399,304,350,42,309,447,56,31,212,105
James Harden,SG,32,PHI,21,21,792,115,286,46,141,69,145,166,186,13,136,220,26,5,72,48
Maurice Harkless,SF,28,SAC,47,24,863,83,181,31,101,52,80,20,28,12,100,23,29,24,31,77
Jared Harper,PG,24,NOP,5,0,43,14,26,5,12,9,14,4,4,2,0,14,4,1,2,5
Montrezl Harrell,C,28,WAS,46,3,1117,247,383,4,15,243,368,149,205,96,213,96,18,31,50,88
Montrezl Harrell,C,28,CHO,25,0,524,111,172,0,2,111,170,63,91,53,69,49,11,12,22,49
Gary Harris,SG,27,ORL,61,30,1730,240,553,116,302,124,251,83,95,36,86,108,59,9,61,112
Joe Harris,SF,30,BRK,14,14,423,56,124,41,88,15,36,5,6,5,51,14,7,2,16,31
Tobias Harris,PF,29,PHI,73,73,2543,493,1022,101,275,392,747,170,202,77,419,252,47,43,116,164
Shaquille Harrison,SG,28,BRK,2,0,23,2,6,0,2,2,4,0,0,1,3,3,1,1,2,3
Josh Hart,SG,26,NOP,41,40,1374,195,386,42,130,153,256,116,154,53,265,168,45,11,81,118
Josh Hart,SF,26,POR,13,13,417,92,183,31,83,61,100,44,57,9,61,56,16,2,33,32
Isaiah Hartenstein,C,23,LAC,68,0,1216,229,366,14,30,215,336,91,132,117,215,160,50,77,84,167
Udonis Haslem,C,41,MIA,13,0,83,14,31,1,4,13,27,3,3,4,21,4,1,1,5,15
Sam Hauser,SF,24,BOS,26,0,158,23,50,19,44,4,6,0,0,5,24,10,1,2,2,7
Jaxson Hayes,C,21,NOP,70,28,1398,245,398,20,57,225,341,144,188,115,200,43,33,55,54,155
Killian Hayes,PG,20,DET,66,40,1647,176,459,44,167,132,292,57,74,36,174,277,78,35,111,183
Gordon Hayward,SF,31,CHO,49,48,1564,283,617,86,220,197,397,126,149,38,186,177,47,22,81,85
Aaron Henry,SF,22,PHI,6,0,17,1,5,0,1,1,4,0,0,0,1,0,0,2,2,2
Juancho Hernangómez,PF,26,BOS,18,0,96,5,27,3,18,2,9,6,9,9,16,3,4,2,6,7
Juancho Hernangómez,PF,26,SAS,5,0,51,2,6,0,3,2,3,3,4,4,11,3,1,1,2,0
Juancho Hernangómez,PF,26,UTA,17,9,298,37,73,21,48,16,25,10,21,15,45,14,9,7,8,18
Willy Hernangómez,C,27,NOP,50,8,839,170,327,4,12,166,315,109,141,143,195,63,21,19,51,97
Tyler Herro,SG,22,MIA,66,10,2151,501,1122,175,439,326,683,190,219,32,297,263,44,8,174,95
Buddy Hield,SG,29,SAC,55,6,1574,265,693,182,495,83,198,80,92,43,178,105,48,15,90,113
Buddy Hield,SG,29,IND,26,26,925,181,405,80,221,101,184,31,35,23,109,124,25,10,63,71
Haywood Highsmith,SF,25,MIA,19,1,163,16,46,9,28,7,18,2,5,10,16,6,2,3,3,13
George Hill,SG,35,MIL,54,17,1253,118,275,41,134,77,141,57,62,38,117,120,42,6,41,70
Malcolm Hill,SG,26,ATL,3,0,46,5,8,3,5,2,3,4,4,2,4,1,4,1,0,7
Malcolm Hill,SF,26,CHI,16,0,166,19,44,10,31,9,13,7,10,9,20,7,3,2,3,17
Solomon Hill,PF,30,ATL,13,1,139,3,20,2,13,1,7,0,0,6,17,12,4,2,1,16
Nate Hinton,SG,22,IND,2,0,2,0,1,0,0,0,1,0,0,0,0,0,0,0,1,0
Jaylen Hoard,SF,22,OKC,7,5,240,44,90,9,25,35,65,6,14,30,54,17,6,5,8,14
Aaron Holiday,PG,25,WAS,41,14,663,100,214,23,67,77,147,28,35,9,58,78,24,9,39,60
Aaron Holiday,PG,25,PHO,22,1,358,51,124,16,36,35,88,31,33,15,40,75,18,0,28,32
Jrue Holiday,PG,31,MIL,67,64,2207,478,954,132,321,346,633,137,180,69,232,457,108,29,183,133
Justin Holiday,SF,32,IND,49,40,1416,190,458,127,336,63,122,34,41,18,117,90,36,18,49,105
Justin Holiday,SG,32,SAC,25,25,641,71,204,50,146,21,58,16,21,11,44,38,21,15,21,49
Richaun Holmes,C,28,SAC,45,37,1074,198,300,2,5,196,295,70,90,93,224,48,17,41,56,128
Rodney Hood,SF,29,MIL,39,0,581,46,131,24,80,22,51,13,14,13,54,30,12,4,7,27
Rodney Hood,SG,29,LAC,13,0,128,12,26,6,11,6,15,4,5,2,8,8,3,2,4,4
Scotty Hopson,SG,32,OKC,1,0,18,2,4,0,1,2,3,0,0,0,1,1,0,0,2,1
Al Horford,C,35,BOS,69,69,2005,266,569,89,265,177,304,80,95,108,422,232,49,92,65,130
Talen Horton-Tucker,SG,21,LAL,60,19,1511,224,538,49,182,175,356,100,125,37,156,159,59,29,82,148
Danuel House Jr.,SF,28,HOU,16,1,233,25,74,10,34,15,40,17,19,4,39,19,5,5,18,16
Danuel House Jr.,SF,28,NYK,1,0,3,0,1,0,1,0,0,0,0,0,0,0,0,0,0,0
Danuel House Jr.,SF,28,UTA,25,6,491,55,123,34,82,21,41,27,39,14,54,25,16,12,15,35
Dwight Howard,C,36,LAL,60,27,971,134,219,8,15,126,204,96,146,118,238,35,34,36,47,115
Markus Howard,SG,22,DEN,31,0,176,39,101,28,70,11,31,20,23,2,10,7,9,0,7,17
Kevin Huerter,SG,23,ATL,74,60,2188,345,760,160,411,185,349,42,52,32,222,203,55,26,91,185
Jay Huff,C,23,LAL,4,0,20,0,3,0,2,0,1,0,0,1,3,1,1,1,1,1
Elijah Hughes,SF,23,UTA,14,1,112,15,36,10,28,5,8,3,3,2,15,6,4,1,7,7
Elijah Hughes,SG,23,POR,22,3,322,32,108,15,67,17,41,4,6,4,37,16,10,7,10,32
Feron Hunt,SF,22,NYK,2,0,8,0,2,0,0,0,2,0,0,1,0,1,1,0,1,1
De'Andre Hunter,SF,24,ATL,53,52,1577,254,575,74,195,180,380,127,166,26,150,68,36,21,69,155
Chandler Hutchison,SF,25,PHO,6,0,22,1,2,0,0,1,2,2,2,0,5,2,0,0,4,1
Bones Hyland,PG,21,DEN,69,4,1310,230,571,131,358,99,213,107,125,14,174,191,41,20,86,153
Serge Ibaka,C,32,LAC,35,10,538,94,192,24,62,70,130,20,29,40,110,36,7,26,33,56
Serge Ibaka,PF,32,MIL,19,2,339,54,104,13,37,41,67,12,15,22,78,13,4,7,10,46
Andre Iguodala,SF,38,GSW,31,0,603,46,121,17,74,29,47,15,20,21,79,114,27,22,28,34
Joe Ingles,SF,34,UTA,45,15,1122,115,285,78,225,37,60,17,22,12,119,158,23,5,46,82
Brandon Ingram,SF,24,NOP,55,55,1869,453,983,74,226,379,757,266,322,35,285,307,34,26,151,119
Kyrie Irving,PG,29,BRK,29,29,1091,289,616,100,239,189,377,118,129,16,111,167,41,17,73,81
Wes Iwundu,SF,27,ATL,3,1,82,8,18,3,5,5,13,3,4,3,10,0,1,0,1,8
Frank Jackson,PG,23,DET,53,7,1164,194,483,86,279,108,204,86,104,19,68,55,27,9,38,89
Isaiah Jackson,PF,20,IND,36,15,541,116,206,5,16,111,190,60,88,60,89,10,25,52,40,92
Jaren Jackson Jr.,PF,22,MEM,78,78,2126,430,1036,128,401,302,635,284,345,119,335,86,73,177,130,272
Josh Jackson,SF,24,DET,39,3,707,103,251,30,113,73,138,40,56,17,106,49,21,18,38,71
Josh Jackson,SF,24,SAC,12,0,123,17,49,3,17,14,32,15,21,4,14,5,5,4,9,17
Justin Jackson,SF,26,BOS,1,0,2,0,1,0,0,0,1,2,2,0,0,0,0,0,0,0
Justin Jackson,SF,26,PHO,6,0,35,5,14,3,9,2,5,0,0,1,6,2,0,0,1,3
Reggie Jackson,SG,31,LAC,75,75,2337,479,1222,167,512,312,710,138,163,39,232,359,55,15,173,159
LeBron James,SF,37,LAL,56,56,2084,640,1221,161,448,479,773,254,336,63,396,349,73,59,196,121
DeJon Jarreau,SG,24,IND,1,0,1,0,0,0,0,0,0,0,0,0,0,0,0,0,0,0
DaQuan Jeffries,SG,24,MEM,3,0,9,1,2,0,1,1,1,0,0,0,2,1,0,0,0,1
Ty Jerome,SG,24,OKC,48,4,801,124,328,54,186,70,142,38,47,19,59,109,30,5,37,73
Isaiah Joe,SG,22,PHI,55,1,609,62,177,45,135,17,42,29,31,6,50,35,14,3,19,47
Alize Johnson,PF,25,CHI,16,0,121,12,23,0,2,12,21,4,7,16,20,8,3,0,8,15
Alize Johnson,PF,25,WAS,3,0,18,2,6,0,2,2,4,0,1,5,7,0,0,0,3,0
Alize Johnson,PF,25,NOP,4,0,28,3,10,0,0,3,10,3,4,7,6,1,2,0,1,3
B.J. Johnson,SF,26,ORL,4,0,65,11,25,4,10,7,15,0,0,6,9,0,0,1,0,4
Cameron Johnson,PF,25,PHO,66,16,1730,279,607,166,391,113,216,98,114,42,231,99,57,16,47,113
David Johnson,SG,20,TOR,2,0,2,0,1,0,1,0,0,0,0,0,0,0,0,0,0,0
Jalen Johnson,PF,20,ATL,22,0,120,22,41,3,13,19,28,5,7,2,24,3,3,2,9,9
James Johnson,PF,34,BRK,62,10,1191,144,307,23,85,121,222,29,55,51,164,130,30,34,48,162
Joe Johnson,SG,40,BOS,1,0,2,1,1,0,0,1,1,0,0,0,0,0,0,0,0,0
Keldon Johnson,SF,22,SAS,75,74,2392,471,1011,159,399,312,612,177,234,80,377,158,58,14,92,148
Keon Johnson,SG,19,LAC,15,0,135,17,51,3,11,14,40,16,21,6,15,13,7,2,7,21
Keon Johnson,SG,19,POR,22,12,562,79,221,31,89,48,132,25,30,18,42,63,21,10,39,48
Stanley Johnson,PF,25,LAL,48,27,1094,117,251,33,105,84,146,53,74,34,121,80,43,14,35,109
Tyler Johnson,PG,29,PHI,3,0,38,4,10,3,7,1,3,0,0,1,5,2,1,1,1,4
Tyler Johnson,PG,29,SAS,3,0,53,2,10,2,6,0,4,0,0,2,4,5,2,2,1,3
Nikola Jokić,C,26,DEN,74,74,2476,764,1311,97,288,667,1023,379,468,206,813,584,109,63,281,191
Carlik Jones,PG,24,DAL,3,0,19,0,7,0,1,0,6,2,2,1,2,5,1,0,3,0
Carlik Jones,PG,24,DEN,2,0,4,1,2,0,0,1,2,0,0,0,0,0,0,0,0,0
Damian Jones,C,26,SAC,56,15,1017,175,266,10,29,165,237,94,131,75,171,69,26,47,59,130
Derrick Jones Jr.,PF,24,CHI,51,8,899,105,195,20,61,85,134,56,70,60,109,30,25,33,30,105
Herbert Jones,PF,23,NOP,78,69,2335,274,576,57,169,217,407,137,163,98,198,167,130,60,100,238
Jemerrio Jones,SF,26,LAL,2,0,15,2,3,0,0,2,3,0,0,2,1,0,1,0,0,2
Kai Jones,C,21,CHO,21,0,63,9,14,1,2,8,12,3,8,3,8,4,1,2,6,8
Mason Jones,SG,23,LAL,4,0,51,7,15,1,4,6,11,12,15,1,9,4,2,0,1,8
Tre Jones,PG,22,SAS,69,11,1148,166,339,10,51,156,288,71,91,29,126,233,42,7,46,78
Tyus Jones,PG,25,MEM,73,23,1549,249,552,80,205,169,347,54,66,17,159,324,66,2,46,32
DeAndre Jordan,C,33,LAL,32,19,408,60,89,0,0,60,89,12,26,51,121,13,10,26,21,50
DeAndre Jordan,C,33,PHI,16,1,214,32,54,0,0,32,54,10,14,32,60,8,2,9,16,21
Cory Joseph,PG,30,DET,65,39,1600,178,400,65,157,113,243,100,113,29,145,237,42,17,85,147
Georgios Kalaitzakis,SF,23,MIL,9,0,48,5,11,2,4,3,7,4,9,4,4,0,1,1,4,8
Georgios Kalaitzakis,SF,23,OKC,4,4,166,26,56,8,22,18,34,10,21,2,11,12,10,1,16,11
Frank Kaminsky,C,28,PHO,9,0,181,36,66,5,15,31,51,18,20,11,30,13,8,7,5,14
Luke Kennard,SG,25,LAC,70,13,1919,287,639,190,423,97,216,69,77,20,209,146,42,6,60,101
Braxton Key,SF,24,PHI,2,0,6,1,2,0,1,1,1,0,0,1,1,1,1,0,2,1
Braxton Key,SF,24,DET,9,0,191,32,70,6,20,26,50,7,13,12,36,10,9,11,9,25
George King,SF,28,DAL,4,0,19,0,5,0,4,0,1,1,2,0,5,0,0,0,1,4
Louis King,SF,22,SAC,10,0,104,15,47,8,27,7,20,7,10,0,12,9,2,1,0,14
Corey Kispert,SF,22,WAS,77,36,1801,234,514,112,320,122,194,54,62,53,156,85,35,22,50,93
Maxi Kleber,PF,30,DAL,59,21,1450,141,354,83,255,58,99,46,65,70,280,68,30,58,47,137
Brandon Knight,PG,30,DAL,5,0,65,10,25,4,17,6,8,8,8,0,8,8,1,0,4,5
Nathan Knight,PF,24,MIN,37,2,267,45,88,4,13,41,75,44,60,32,53,22,7,8,18,42
Kevin Knox,SF,22,NYK,13,0,111,15,40,10,28,5,12,7,10,8,14,3,2,1,5,5
Kevin Knox,SF,22,ATL,17,0,111,16,45,5,26,11,19,9,12,6,16,7,2,1,2,14
John Konchar,SG,25,MEM,72,7,1292,135,262,52,126,83,136,27,49,87,242,109,45,22,29,90
Furkan Korkmaz,SG,24,PHI,67,19,1414,182,470,77,266,105,204,68,84,22,153,127,33,9,48,58
Luke Kornet,C,26,CLE,2,0,15,1,5,0,1,1,4,2,3,2,1,1,0,1,0,1
Luke Kornet,C,26,MIL,1,0,3,0,1,0,0,0,1,0,0,1,0,0,0,0,0,1
Luke Kornet,C,26,BOS,12,0,85,12,21,0,4,12,17,2,3,10,15,8,3,2,0,7
Vit Krejci,SG,21,OKC,30,8,690,68,167,32,98,36,69,19,22,18,83,57,19,8,29,65
Arnoldas Kulboka,SF,24,CHO,2,0,5,0,1,0,1,0,0,0,0,0,0,0,0,0,0,1
Jonathan Kuminga,SF,19,GSW,70,12,1185,236,460,50,149,186,311,130,190,54,180,64,31,22,74,146
Kyle Kuzma,PF,26,WAS,66,66,2204,423,936,128,375,295,561,156,219,70,491,233,42,57,169,128
Anthony Lamb,SF,24,SAS,2,0,8,0,2,0,2,0,0,0,0,0,1,2,0,0,0,0
Jeremy Lamb,SF,29,IND,39,0,613,85,228,39,117,46,111,67,80,15,79,51,23,14,24,44
Jeremy Lamb,SG,29,SAC,17,0,322,48,119,16,53,32,66,22,26,11,49,30,8,8,13,15
Jock Landale,C,26,SAS,54,1,589,101,204,29,89,72,115,34,41,63,75,45,10,14,31,53
Romeo Langford,SG,22,BOS,44,5,728,79,184,29,83,50,101,20,34,30,74,19,21,16,16,46
Romeo Langford,SG,22,SAS,4,0,43,4,7,0,2,4,5,3,8,0,4,2,1,0,0,1
Zach LaVine,SF,26,CHI,67,67,2328,565,1186,185,475,380,711,320,375,22,286,303,41,23,171,120
Jake Layman,SF,27,MIN,34,1,231,30,73,8,35,22,38,13,18,6,30,9,7,5,10,12
Damion Lee,SG,29,GSW,63,5,1256,169,383,63,187,106,196,66,75,27,176,63,39,6,38,95
Saben Lee,PG,22,DET,37,0,604,69,177,14,60,55,117,56,71,18,69,107,36,12,36,44
Alex Len,C,28,SAC,39,10,620,94,176,6,21,88,155,41,63,52,109,45,13,25,43,100
Caris LeVert,SG,27,IND,39,39,1214,278,622,61,189,217,433,111,146,30,120,173,35,18,75,91
Caris LeVert,SG,27,CLE,19,10,567,101,232,21,67,80,165,35,47,13,51,75,16,5,33,40
Kira Lewis Jr.,PG,20,NOP,24,0,341,59,146,13,58,46,88,10,12,9,30,49,11,1,26,17
Scottie Lewis,SG,21,CHO,2,0,7,0,0,0,0,0,0,1,2,0,0,1,1,0,0,0
Damian Lillard,PG,31,POR,29,29,1056,222,552,92,284,130,268,159,181,13,107,212,17,11,83,37
Nassir Little,SF,21,POR,42,23,1088,145,315,51,154,94,161,69,94,58,178,54,25,36,40,82
Isaiah Livers,SF,23,DET,19,5,383,41,90,27,64,14,26,12,14,15,42,21,13,7,15,37
Kevon Looney,C,25,GSW,82,80,1732,208,364,0,1,208,363,75,125,208,388,165,50,52,67,215
Brook Lopez,C,33,MIL,13,11,298,61,131,19,53,42,78,20,23,19,34,6,8,15,12,34
Robin Lopez,C,33,ORL,36,9,612,110,199,2,6,108,193,32,54,68,58,54,2,18,44,67
Didi Louzada,SF,22,NOP,2,0,7,0,3,0,3,0,0,0,0,2,0,1,0,0,0,0
Didi Louzada,SG,22,POR,7,1,122,12,30,9,20,3,10,2,2,3,12,4,2,2,5,13
Kevin Love,PF,33,CLE,74,4,1665,327,761,187,477,140,284,166,198,87,449,160,26,18,98,101
Kyle Lowry,PG,35,MIA,63,63,2133,276,627,144,382,132,245,148,174,33,249,474,67,17,168,177
Gabriel Lundberg,SG,27,PHO,4,0,44,5,19,3,8,2,11,0,0,2,5,11,3,0,3,7
Timothé Luwawu-Cabarrot,SF,26,ATL,52,18,685,74,186,44,122,30,64,35,41,17,65,40,18,6,20,76
Trey Lyles,PF,26,DET,51,3,990,175,384,44,146,131,238,138,176,60,184,58,22,26,54,91
Trey Lyles,PF,26,SAC,24,20,547,87,178,23,63,64,115,57,67,29,106,30,7,6,19,32
Théo Maledon,PG,20,OKC,51,7,908,119,317,44,150,75,167,79,100,20,111,111,31,11,65,67
Sandro Mamukelashvili,PF,22,MIL,41,3,407,57,115,22,52,35,63,18,22,35,47,22,9,9,15,28
Terance Mann,SF,25,LAC,81,33,2317,334,690,76,208,258,482,128,164,104,321,209,55,21,84,178
Tre Mann,PG,20,OKC,60,26,1367,231,588,98,272,133,316,65,82,25,146,91,47,12,71,102
Boban Marjanović,C,33,DAL,23,0,128,42,70,1,4,41,66,13,22,8,31,3,0,3,15,24
Lauri Markkanen,PF,24,CLE,61,61,1878,313,703,136,380,177,323,138,159,59,286,81,45,30,54,130
Naji Marshall,SF,24,NOP,55,4,735,109,269,21,105,88,164,74,93,38,104,62,33,8,46,69
Caleb Martin,SF,26,MIA,60,12,1372,208,410,64,155,144,255,71,93,70,160,64,58,30,52,104
Cody Martin,SF,26,CHO,71,11,1866,204,423,61,159,143,264,75,107,82,203,179,88,32,61,116
Kelan Martin,SF,26,IND,27,1,444,70,168,22,74,48,94,9,13,16,37,21,13,9,14,36
Kelan Martin,SF,26,BOS,3,0,6,0,3,0,1,0,2,0,0,1,1,0,0,0,0,0
Kenyon Martin Jr.,SF,21,HOU,79,2,1656,279,523,60,168,219,355,78,123,80,217,101,34,40,60,113
Garrison Mathews,SG,25,HOU,65,33,1712,184,461,139,386,45,75,143,180,32,158,64,57,24,41,168
Dakota Mathias,SG,26,MEM,6,0,16,2,6,2,6,0,0,0,0,0,2,1,1,0,0,1
Wesley Matthews,SG,35,MIL,49,14,1002,87,220,53,157,34,63,22,28,30,62,36,23,8,18,87
Tyrese Maxey,PG,21,PHI,75,74,2650,483,995,132,309,351,686,213,246,26,214,321,55,32,88,156
Skylar Mays,SG,24,ATL,28,5,220,32,64,8,25,24,39,8,9,5,20,17,7,0,10,9
Miles McBride,PG,21,NYK,40,2,372,32,108,17,68,15,40,8,12,4,38,41,14,1,5,45
Mac McClung,PG,23,CHI,1,0,3,1,1,0,0,1,1,0,0,0,0,0,0,0,1,0
Mac McClung,SG,23,LAL,1,0,22,2,5,1,3,1,2,1,1,0,3,1,1,1,2,5
CJ McCollum,SG,30,POR,36,36,1267,290,665,111,289,179,376,48,68,34,119,163,36,21,70,77
CJ McCollum,SG,30,NOP,26,26,878,246,499,71,180,175,319,68,102,19,97,152,34,1,57,44
T.J. McConnell,PG,29,IND,27,8,652,100,208,10,33,90,175,19,23,20,70,131,29,10,29,53
Jaden McDaniels,PF,21,MIN,70,31,1803,255,554,80,252,175,302,57,71,76,217,79,52,54,75,224
Jalen McDaniels,SF,24,CHO,55,2,895,123,254,41,108,82,146,53,72,37,133,58,26,22,36,93
Doug McDermott,PF,30,SAS,51,51,1223,215,465,108,256,107,209,40,51,18,97,64,13,6,43,79
JaVale McGee,C,34,PHO,74,17,1172,288,458,2,9,286,449,102,146,163,333,42,22,81,98,181
Cameron McGriff,SF,24,POR,3,0,46,5,14,2,6,3,8,2,2,6,9,3,0,1,0,7
Rodney McGruder,SG,30,DET,51,2,754,98,225,58,146,40,79,19,26,31,80,48,21,7,24,58
Alfonzo McKinnie,SF,29,CHI,17,3,206,24,61,9,27,15,34,2,8,13,20,5,2,3,7,26
JaQuori McLaughlin,PG,24,DAL,4,0,11,0,2,0,1,0,1,0,0,0,0,2,0,0,0,1
Jordan McLaughlin,PG,25,MIN,62,3,902,88,200,27,85,61,115,30,40,22,72,180,57,10,38,54
Ben McLemore,SG,28,POR,64,6,1285,216,539,151,417,65,122,72,88,12,91,59,38,10,55,103
De'Anthony Melton,SG,23,MEM,73,15,1657,281,695,139,372,142,323,90,120,64,264,194,104,39,112,128
Sam Merrill,SG,25,MEM,6,0,58,8,24,7,23,1,1,2,4,1,6,4,0,0,2,3
Chimezie Metu,C,24,SAC,60,20,1279,203,449,57,186,146,263,71,91,34,301,60,51,32,61,93
Khris Middleton,SF,30,MIL,66,66,2141,452,1021,162,434,290,587,259,291,41,315,358,76,18,190,160
C.J. Miles,SG,34,BOS,1,0,2,0,0,0,0,0,0,0,0,0,0,0,0,0,0,1
Patty Mills,PG,33,BRK,81,48,2346,324,794,227,568,97,226,48,59,18,138,183,51,17,73,112
Paul Millsap,PF,36,BRK,24,0,270,32,85,6,27,26,58,12,17,29,60,24,5,11,11,48
Paul Millsap,PF,36,PHI,9,1,106,13,30,2,8,11,22,5,7,12,13,5,5,2,8,19
Shake Milton,PG,25,PHI,55,6,1179,173,403,43,133,130,270,61,73,30,112,139,28,17,44,99
Davion Mitchell,PG,23,SAC,75,19,2076,352,843,101,320,251,523,56,85,33,133,313,55,24,114,141
Donovan Mitchell,SG,25,UTA,67,67,2266,617,1376,232,654,385,722,267,313,55,227,358,99,12,200,164
Evan Mobley,PF,20,CLE,69,69,2331,422,830,23,92,399,738,167,252,143,427,174,56,115,133,147
Malik Monk,SG,23,LAL,76,37,2139,391,826,173,442,218,384,93,117,37,219,218,61,29,122,138
Greg Monroe,C,31,MIN,4,0,81,13,22,0,0,13,22,3,7,6,18,16,4,6,7,9
Greg Monroe,C,31,WAS,2,0,18,4,8,0,0,4,8,0,0,7,3,1,1,1,2,2
Greg Monroe,C,31,MIL,5,0,70,11,22,0,0,11,22,5,9,11,10,2,3,2,3,7
Greg Monroe,C,31,UTA,3,0,26,4,5,0,0,4,5,4,7,6,3,3,0,1,0,6
Moses Moody,SG,19,GSW,52,11,607,80,183,40,110,40,73,28,36,17,63,23,7,10,13,43
Xavier Moon,SG,27,LAC,10,0,137,25,51,5,14,20,37,3,5,2,12,24,7,3,6,9
Matt Mooney,SG,24,NYK,1,0,2,0,1,0,1,0,0,0,0,0,0,0,1,0,1,0
Ja Morant,PG,22,MEM,57,57,1889,580,1177,88,256,492,921,316,415,77,248,384,66,22,196,86
Juwan Morgan,PF,24,TOR,1,0,27,2,3,1,2,1,1,0,0,2,2,1,0,0,0,3
Juwan Morgan,PF,24,BOS,1,0,4,0,0,0,0,0,0,0,0,0,0,0,0,0,0,0
Jaylen Morris,SG,26,SAS,3,0,16,0,6,0,2,0,4,2,4,0,2,2,0,0,1,2
Marcus Morris,PF,32,LAC,54,54,1564,300,691,101,275,199,416,129,148,26,213,113,28,18,69,115
Markieff Morris,PF,32,MIA,17,1,298,54,114,13,39,41,75,8,9,17,28,23,6,1,20,33
Monte Morris,PG,26,DEN,75,74,2239,374,773,124,314,250,459,73,84,27,199,333,56,14,78,92
Emmanuel Mudiay,PG,25,SAC,2,0,11,0,2,0,0,0,2,3,4,0,0,4,1,0,1,1
Mychal Mulder,PG,27,ORL,15,2,195,20,67,13,46,7,21,2,2,2,19,3,4,1,8,12
Mychal Mulder,PG,27,MIA,2,1,44,4,10,4,8,0,2,2,2,0,3,2,0,1,0,1
Ade Murkey,SG,24,SAC,1,0,1,0,0,0,0,0,0,0,0,0,0,0,0,0,0,0
Trey Murphy III,SF,21,NOP,62,1,864,109,277,71,186,38,91,45,51,47,100,38,23,7,16,60
Dejounte Murray,PG,25,SAS,68,68,2366,573,1241,96,294,477,947,196,247,80,483,627,138,23,180,138
Mike Muscala,C,30,OKC,43,0,592,113,248,70,163,43,85,48,57,21,108,22,18,26,14,58
Svi Mykhailiuk,SF,24,TOR,56,5,716,91,234,41,134,50,100,32,37,20,72,45,26,4,32,54
Abdel Nader,SF,28,PHO,14,0,145,12,35,4,14,8,21,6,10,4,23,7,8,4,11,20
Larry Nance Jr.,PF,29,POR,37,11,858,102,198,19,62,83,136,32,49,58,151,73,38,13,27,67
Larry Nance Jr.,PF,29,NOP,9,0,182,27,49,4,8,23,41,8,8,14,25,8,5,7,10,17
RJ Nembhard Jr.,SG,22,CLE,14,0,63,6,18,0,2,6,16,3,4,3,4,12,1,0,3,2
Aaron Nesmith,SF,22,BOS,52,3,574,72,182,31,115,41,67,21,26,15,74,22,20,5,31,70
Raul Neto,PG,29,WAS,70,19,1372,204,441,35,120,169,321,83,108,13,121,217,55,3,79,104
Malik Newman,PG,24,CLE,1,0,8,3,5,0,1,3,4,2,2,0,1,1,0,0,1,0
Georges Niang,PF,28,PHI,76,7,1736,246,563,156,387,90,176,52,59,25,178,102,30,13,59,190
Daishen Nix,SG,19,HOU,24,0,261,27,67,7,26,20,41,16,30,7,26,40,15,0,26,21
Zeke Nnaji,PF,21,DEN,41,1,698,96,186,37,80,59,106,41,65,56,91,17,16,13,23,79
Nerlens Noel,C,27,NYK,25,11,562,32,60,0,3,32,57,21,30,48,93,23,30,31,20,67
Jaylen Nowell,SG,22,MIN,62,1,975,196,413,63,160,133,253,72,92,22,101,130,27,10,36,73
Frank Ntilikina,PG,23,DAL,58,5,685,89,223,38,111,51,112,24,25,12,67,69,27,7,31,61
Jusuf Nurkić,C,27,POR,56,56,1579,321,600,15,56,306,544,185,268,167,452,157,62,34,143,189
David Nwaba,SF,29,HOU,46,4,609,85,176,15,49,70,127,48,67,41,110,35,28,20,21,55
Jordan Nwora,SF,23,MIL,62,13,1185,186,462,79,227,107,235,36,43,37,184,59,25,17,57,78
Royce O'Neale,SF,28,UTA,77,77,2406,203,444,119,306,84,138,45,56,64,304,191,86,32,79,183
Semi Ojeleye,PF,27,MIL,20,0,308,18,70,11,41,7,29,10,13,25,33,5,5,5,5,26
Semi Ojeleye,PF,27,LAC,10,0,98,12,29,4,9,8,20,13,16,2,14,4,2,1,4,4
Chuma Okeke,PF,23,ORL,70,20,1749,216,575,118,371,98,204,55,65,47,300,118,97,42,57,95
Josh Okogie,SG,23,MIN,49,6,516,42,104,14,47,28,57,35,51,29,41,25,26,12,23,53
Onyeka Okongwu,C,21,ATL,48,6,992,156,226,0,0,156,226,80,110,115,168,53,31,60,44,149
Isaac Okoro,SF,21,CLE,67,61,1981,207,431,55,157,152,274,119,155,72,129,121,56,22,58,164
KZ Okpala,PF,22,MIA,21,0,244,30,69,9,26,21,43,8,11,11,30,14,4,7,5,25
Victor Oladipo,SG,29,MIA,8,1,173,35,73,15,36,20,37,14,19,3,20,28,5,1,16,13
Cameron Oliver,SF,25,ATL,2,0,43,10,15,1,3,9,12,2,3,2,4,3,1,1,0,5
Kelly Olynyk,C,30,DET,40,1,764,128,286,40,119,88,167,69,89,54,123,111,31,19,58,100
Eugene Omoruyi,SF,24,DAL,4,0,18,2,5,1,2,1,3,2,4,2,5,2,0,0,0,2
Miye Oni,SG,24,UTA,16,0,44,2,9,1,8,1,1,0,1,1,6,5,0,0,1,7
Cedi Osman,SF,26,CLE,66,3,1462,247,572,128,359,119,213,87,131,25,121,135,52,10,67,127
Daniel Oturu,C,22,TOR,3,0,27,3,6,0,1,3,5,3,5,1,4,0,0,2,0,1
Kelly Oubre Jr.,SF,26,CHO,76,13,1999,410,932,191,553,219,379,126,189,79,223,84,77,31,67,189
Jaysean Paige,PG,27,DET,1,0,7,0,3,0,2,0,1,0,0,0,1,1,0,0,1,2
Trayvon Palmer,SG,27,DET,1,0,17,0,1,0,0,0,1,0,0,0,2,0,0,0,1,2
Kevin Pangos,PG,29,CLE,24,3,166,15,46,6,26,9,20,3,4,2,9,30,3,0,7,11
Jabari Parker,PF,26,BOS,12,0,112,18,38,8,16,10,22,9,9,5,23,6,4,1,8,13
Eric Paschall,PF,25,UTA,58,3,736,114,235,40,108,74,127,66,86,30,76,36,9,5,27,51
Chris Paul,PG,36,PHO,65,65,2139,363,736,63,199,300,537,169,202,22,261,702,121,20,153,134
Cameron Payne,PG,27,PHO,58,12,1278,240,587,71,211,169,376,75,89,24,151,282,40,17,103,119
Elfrid Payton,PG,27,PHO,50,1,549,67,175,4,18,63,157,12,32,21,67,99,25,6,47,38
Gary Payton II,PG,29,GSW,71,16,1247,212,344,43,120,169,224,35,58,72,175,64,96,22,40,131
Norvel Pelle,C,28,UTA,3,0,19,3,5,0,0,3,5,0,0,3,3,0,0,1,2,1
Reggie Perry,PF,21,POR,9,1,177,39,78,3,16,36,62,9,15,15,31,12,9,6,11,30
Reggie Perry,PF,21,IND,1,0,10,1,1,0,0,1,1,0,0,0,1,0,0,0,0,3
Jamorko Pickett,PF,24,DET,13,0,176,18,50,13,39,5,11,1,2,6,26,7,0,7,5,12
Theo Pinson,SF,26,DAL,19,0,148,14,39,10,30,4,9,10,10,2,19,17,5,2,5,12
Mason Plumlee,C,31,CHO,73,73,1793,205,320,0,2,205,318,67,171,176,389,226,61,52,100,224
Jakob Poeltl,C,26,SAS,68,67,1970,410,663,1,1,409,662,94,190,262,372,189,45,118,109,212
Aleksej Pokusevski,PF,20,OKC,61,12,1233,186,456,57,197,129,259,35,50,73,245,131,39,38,94,88
Yves Pons,SF,22,MEM,12,0,71,5,16,3,9,2,7,0,2,5,7,1,1,4,1,6
Jordan Poole,SG,22,GSW,76,51,2283,474,1058,211,580,263,478,246,266,34,226,304,60,23,187,206
Kevin Porter Jr.,PG,21,HOU,61,61,1907,335,808,155,413,180,395,124,193,43,224,376,69,22,192,156
Michael Porter Jr.,SF,23,DEN,9,9,265,37,103,10,48,27,55,5,9,9,50,17,10,2,12,16
Otto Porter Jr.,PF,28,GSW,63,15,1396,193,416,80,216,113,200,49,61,86,276,94,68,29,37,83
Bobby Portis,C,26,MIL,72,59,2028,417,871,133,338,284,533,85,113,180,477,86,53,51,90,174
Kristaps Porziņģis,PF,26,DAL,34,34,1002,229,508,49,173,180,335,147,170,64,197,69,25,59,53,88
Kristaps Porziņģis,PF,26,WAS,17,17,479,123,259,29,79,94,180,101,116,38,112,50,12,25,28,49
Micah Potter,C,23,DET,3,0,31,5,11,0,2,5,9,2,2,4,5,0,1,1,1,4
Dwight Powell,C,30,DAL,82,71,1798,269,401,13,37,256,364,166,212,173,231,97,37,39,64,220
Myles Powell,PG,24,PHI,11,0,52,5,17,1,6,4,11,2,2,1,5,3,1,0,3,8
Norman Powell,SF,28,POR,40,39,1333,247,542,93,229,154,313,159,198,17,114,82,40,17,62,92
Norman Powell,SG,28,LAC,5,2,125,32,63,13,24,19,39,30,35,3,11,14,2,4,7,14
Joshua Primo,SG,19,SAS,50,16,965,101,270,42,137,59,133,44,59,32,81,81,20,23,57,79
Taurean Prince,PF,27,MIN,69,8,1177,177,390,86,229,91,161,62,82,26,148,68,47,23,53,116
Payton Pritchard,SG,24,BOS,71,2,1001,160,373,101,245,59,128,21,21,32,102,139,25,6,41,61
Trevelin Queen,SG,24,HOU,10,0,74,15,33,9,24,6,9,4,4,7,9,4,5,1,7,6
Neemias Queta,C,22,SAC,14,0,120,17,38,0,0,17,38,11,17,14,17,6,1,8,6,18
Immanuel Quickley,PG,22,NYK,78,3,1802,284,724,137,396,147,328,177,201,31,216,275,54,3,99,167
Jahmi'us Ramsey,SG,20,SAC,19,0,134,24,58,5,18,19,40,7,14,4,9,7,1,1,5,10
Julius Randle,PF,27,NYK,72,72,2544,512,1246,120,390,392,856,303,401,125,591,370,53,39,245,205
Austin Reaves,SG,23,LAL,61,19,1418,146,318,53,167,93,151,99,118,45,148,110,29,20,40,87
Cam Reddish,SF,22,ATL,34,7,797,138,343,58,153,80,190,72,80,20,64,38,35,11,44,45
Cam Reddish,SF,22,NYK,15,0,215,27,65,8,31,19,34,29,32,5,16,10,12,4,13,15
Davon Reed,SG,26,DEN,48,5,668,81,161,37,86,44,75,10,15,14,94,53,24,9,16,63
Paul Reed,C,22,PHI,38,2,302,54,96,2,8,52,88,6,14,44,48,16,33,14,10,57
Naz Reid,C,22,MIN,77,6,1215,233,476,57,166,176,310,114,149,102,199,71,40,71,82,172
Nick Richards,C,24,CHO,50,5,367,60,90,0,0,60,90,30,43,34,52,13,9,21,24,51
Josh Richardson,SG,28,BOS,44,0,1087,152,343,62,156,90,187,61,71,26,99,66,34,23,39,82
Josh Richardson,SG,28,SAS,21,7,513,82,191,40,90,42,101,35,37,16,44,49,22,6,27,34
Austin Rivers,SG,29,DEN,67,18,1480,146,350,79,231,67,119,32,44,19,95,90,51,6,54,121
Duncan Robinson,SG,27,MIA,79,68,2043,290,726,232,624,58,102,51,61,24,179,129,42,14,60,201
Justin Robinson,PG,24,MIL,17,0,198,18,57,10,37,8,20,2,2,2,11,21,8,0,11,17
Justin Robinson,PG,24,SAC,3,0,15,1,8,0,3,1,5,0,0,0,1,2,0,0,1,2
Justin Robinson,PG,24,DET,5,0,91,9,28,8,21,1,7,2,6,2,5,9,1,1,5,8
Mitchell Robinson,C,23,NYK,72,62,1848,261,343,0,0,261,343,88,181,295,322,38,58,133,60,195
Jeremiah Robinson-Earl,C,21,OKC,49,36,1087,134,324,58,165,76,159,40,54,75,199,49,29,15,39,75
Isaiah Roby,PF,23,OKC,45,28,948,166,323,44,99,122,224,78,116,75,142,71,36,34,43,109
Rajon Rondo,PG,35,LAL,18,0,289,23,71,8,30,15,41,1,2,10,39,67,12,5,34,25
Rajon Rondo,PG,35,CLE,21,1,408,45,105,23,58,22,47,18,24,5,54,103,18,1,34,31
Derrick Rose,PG,33,NYK,26,4,636,122,274,37,92,85,182,30,31,21,57,103,22,12,39,15
Terrence Ross,SG,30,ORL,63,0,1448,220,554,77,264,143,290,112,130,20,141,116,28,12,75,68
Terry Rozier,SG,27,CHO,73,73,2458,518,1167,222,593,296,574,150,176,56,259,326,93,25,96,119
Ricky Rubio,PG,31,CLE,34,8,970,149,411,59,174,90,237,88,103,15,126,225,49,7,90,75
D'Angelo Russell,PG,25,MIN,65,65,2077,401,975,176,518,225,457,198,240,25,191,460,62,22,165,130
Matt Ryan,SF,24,BOS,1,0,5,1,5,1,5,0,0,0,0,0,0,0,1,0,0,0
Domantas Sabonis,C,25,IND,47,46,1632,331,571,35,108,296,463,191,258,155,412,236,46,22,143,146
Domantas Sabonis,PF,25,SAC,15,15,504,112,202,4,17,108,185,55,74,46,139,87,13,5,52,57
Olivier Sarr,C,22,OKC,22,2,421,58,101,13,29,45,72,24,29,34,59,19,6,15,22,52
Tomáš Satoranský,SG,30,NOP,32,3,481,32,107,5,31,27,76,19,25,18,46,76,14,1,23,33
Tomáš Satoranský,SG,30,SAS,1,0,9,0,0,0,0,0,0,3,4,0,1,0,0,0,0,0
Tomáš Satoranský,SG,30,WAS,22,10,416,40,84,6,22,34,62,21,25,9,52,108,15,4,23,38
Jordan Schakel,SG,23,WAS,4,0,30,1,11,1,6,0,5,2,2,2,6,0,1,0,1,0
Admiral Schofield,SF,24,ORL,38,1,469,54,129,26,79,28,50,12,15,17,72,25,4,5,21,58
Dennis Schröder,SG,28,BOS,49,25,1433,257,584,67,192,190,392,123,145,28,136,208,41,5,104,116
Dennis Schröder,PG,28,HOU,15,4,404,55,140,19,58,36,82,34,39,6,44,88,12,3,39,38
Tre Scott,SF,25,CLE,2,0,11,3,6,0,1,3,5,0,0,1,1,0,1,1,0,2
Jay Scrubb,SG,21,LAC,18,0,121,18,46,6,21,12,25,7,10,2,14,8,4,3,7,9
Wayne Selden,SG,27,NYK,3,0,19,1,4,1,2,0,2,2,4,0,1,1,0,0,0,1
Alperen Şengün,C,19,HOU,72,13,1489,249,525,29,117,220,408,165,232,138,255,185,59,68,145,214
Collin Sexton,SG,23,CLE,11,11,316,68,151,11,45,57,106,29,39,13,23,23,10,0,31,25
Landry Shamet,SG,24,PHO,69,14,1437,191,485,123,334,68,151,68,81,16,110,108,28,9,41,92
Day'Ron Sharpe,PF,20,BRK,32,8,391,86,149,2,7,84,142,24,41,81,79,17,10,15,30,60
Pascal Siakam,PF,27,TOR,68,68,2578,596,1207,75,218,521,989,284,379,128,452,360,85,42,181,225
Chris Silva,PF,25,MIN,1,0,3,0,0,0,0,0,0,0,0,0,1,0,0,0,0,0
Chris Silva,PF,25,MIA,9,0,88,8,15,0,0,8,15,10,12,13,22,7,0,1,8,20
Marko Simonovic,C,22,CHI,9,0,35,4,15,1,5,3,10,8,11,5,5,0,1,1,2,6
Anfernee Simons,SG,22,POR,57,30,1681,353,797,179,442,174,355,103,116,26,125,221,30,6,115,110
Zavier Simpson,PG,24,OKC,4,4,174,19,52,1,8,18,44,5,5,2,19,30,5,4,10,15
Jericho Sims,PF,23,NYK,41,5,555,39,54,0,0,39,54,12,29,61,108,21,11,22,20,66
Deividas Sirvydis,SG,21,DET,3,0,27,1,10,1,7,0,3,0,0,0,6,1,3,1,0,4
Javonte Smart,PG,22,MIL,13,1,160,11,43,4,18,7,25,5,6,4,15,14,4,2,9,11
Javonte Smart,PG,22,MIA,4,0,40,8,17,4,9,4,8,0,0,1,4,2,2,1,2,1
Marcus Smart,PG,27,BOS,71,71,2296,300,718,119,360,181,358,142,179,42,228,417,119,18,159,160
Dennis Smith Jr.,PG,24,POR,37,4,638,79,189,6,27,73,162,42,64,20,68,132,45,12,51,52
Ish Smith,PG,33,CHO,37,1,511,73,185,10,25,63,160,12,19,11,46,98,20,10,36,34
Ish Smith,PG,33,WAS,28,0,615,112,245,15,42,97,203,3,5,14,69,146,27,13,42,44
Jalen Smith,PF,21,PHO,29,4,382,63,137,9,39,54,98,40,52,55,84,6,6,18,22,52
Jalen Smith,PF,21,IND,22,4,543,113,213,31,83,82,130,38,50,46,122,18,9,23,20,44
Xavier Sneed,SF,24,MEM,2,0,8,0,2,0,2,0,0,0,0,1,1,0,0,0,0,2
Xavier Sneed,SF,24,UTA,7,0,31,2,8,1,6,1,2,0,0,1,3,1,0,0,0,0
Tony Snell,SG,30,POR,38,10,546,36,97,24,75,12,22,3,3,11,61,20,8,7,11,44
Tony Snell,SG,30,NOP,15,2,277,33,74,21,53,12,21,1,1,5,26,8,8,2,8,26
Jaden Springer,SG,19,PHI,2,0,6,1,1,0,0,1,1,0,0,1,1,0,0,2,1,0
Cassius Stanley,SG,22,DET,9,1,155,19,46,4,17,15,29,10,10,5,14,4,5,2,6,17
Nik Stauskas,SG,28,MIA,2,0,24,3,8,2,4,1,4,3,4,1,2,1,0,0,0,1
Nik Stauskas,SG,28,BOS,6,0,15,2,6,2,6,0,0,1,2,0,0,1,0,0,1,0
Lance Stephenson,SF,31,ATL,6,0,70,5,13,0,3,5,10,1,2,1,14,11,0,0,4,8
Lance Stephenson,SG,31,IND,40,1,744,142,310,27,87,115,223,62,78,11,101,154,24,4,68,88
Lamar Stevens,PF,24,CLE,63,13,1015,156,319,18,65,138,254,53,75,47,117,44,31,18,41,106
Isaiah Stewart,C,20,DET,71,71,1816,250,490,15,46,235,444,74,103,226,391,82,22,78,85,211
Max Strus,SF,25,MIA,68,16,1587,249,564,181,442,68,122,42,53,24,178,92,28,16,57,116
Jalen Suggs,PG,20,ORL,48,45,1307,198,548,42,196,156,352,126,163,26,145,209,59,19,143,142
Craig Sword,SG,28,WAS,3,0,19,3,4,0,1,3,3,0,0,0,0,1,4,0,1,7
Keifer Sykes,PG,28,IND,32,11,566,69,190,27,90,42,100,15,17,8,37,62,12,4,33,51
Jae'Sean Tate,SF,26,HOU,78,77,2056,363,729,63,202,300,527,130,184,135,285,222,72,41,139,286
Jayson Tatum,SF,23,BOS,76,76,2731,708,1564,230,651,478,913,400,469,85,524,334,75,49,217,174
Terry Taylor,SG,22,IND,33,7,714,135,220,12,38,123,182,36,51,95,77,41,14,8,23,61
Garrett Temple,SG,35,NOP,59,16,1098,111,295,59,185,52,110,28,41,29,114,74,43,23,42,81
Emanuel Terry,PF,25,PHO,3,0,18,0,5,0,0,0,5,0,0,8,7,2,1,0,5,4
Tyrell Terry,PG,21,MEM,2,0,3,1,1,0,0,1,1,0,0,0,0,0,0,0,0,1
Jon Teske,C,24,MEM,3,0,8,0,1,0,0,0,1,0,2,0,2,1,1,0,0,1
Daniel Theis,C,29,HOU,26,21,584,84,179,23,79,61,100,27,40,32,98,20,11,17,31,62
Daniel Theis,C,29,BOS,21,6,393,67,112,10,28,57,84,22,32,27,71,21,9,14,15,49
Brodric Thomas,SG,25,BOS,12,0,60,8,18,2,9,6,9,3,5,2,8,11,1,1,6,7
Cam Thomas,SG,20,BRK,67,2,1176,218,503,47,174,171,329,87,105,16,145,78,33,8,55,66
Isaiah Thomas,PG,32,LAL,4,1,101,12,39,5,22,7,17,8,11,1,7,6,0,2,5,12
Isaiah Thomas,PG,32,DAL,1,0,13,3,8,0,3,3,5,0,0,0,0,4,0,0,0,0
Isaiah Thomas,PG,32,CHO,17,0,219,52,120,23,58,29,62,14,15,3,18,24,7,3,10,22
Matt Thomas,SG,27,CHI,40,0,459,55,134,35,91,20,43,16,20,3,47,20,8,3,8,18
Klay Thompson,SG,31,GSW,32,32,941,246,573,114,296,132,277,46,51,15,110,88,16,17,43,54
Tristan Thompson,PF,30,SAC,30,3,455,76,151,1,1,75,150,32,60,72,89,18,11,12,29,52
Tristan Thompson,PF,30,IND,4,0,66,13,24,0,0,13,24,3,8,7,11,2,0,2,4,7
Tristan Thompson,PF,30,CHI,23,3,376,52,92,0,2,52,90,26,48,41,68,14,12,7,12,39
JT Thor,PF,19,CHO,33,0,262,24,55,7,27,17,28,12,20,11,32,19,8,11,10,26
Matisse Thybulle,SG,24,PHI,66,50,1685,150,300,45,144,105,156,34,43,42,109,75,115,71,39,158
Killian Tillie,C,23,MEM,36,3,461,43,127,27,86,16,41,5,8,21,39,22,23,15,13,58
Xavier Tillman Sr.,PF,23,MEM,53,2,701,98,216,10,49,88,167,46,71,66,95,62,49,15,34,63
Isaiah Todd,PF,20,WAS,12,0,74,7,26,4,16,3,10,2,6,3,9,4,4,2,4,4
Obi Toppin,PF,23,NYK,72,10,1230,251,473,52,169,199,304,94,124,69,199,77,25,33,56,102
Juan Toscano-Anderson,SF,28,GSW,73,6,994,115,235,28,87,87,148,40,70,28,148,127,48,17,68,115
Karl-Anthony Towns,C,26,MIN,74,74,2476,642,1214,150,366,492,848,384,467,194,533,269,72,83,226,267
Gary Trent Jr.,SG,23,TOR,70,69,2448,450,1086,209,545,241,541,174,204,26,165,141,122,19,73,144
P.J. Tucker,PF,36,MIA,71,70,1981,207,428,80,193,127,235,45,61,100,287,149,58,15,66,161
Rayjon Tucker,SG,24,DEN,3,0,29,1,2,1,2,0,0,3,4,1,3,4,1,0,0,3
Rayjon Tucker,SG,24,MIL,2,0,42,5,7,3,3,2,4,2,3,2,2,6,3,0,1,2
Myles Turner,C,25,IND,42,42,1235,200,393,61,183,139,210,79,105,65,232,44,28,118,54,119
Jonas Valančiūnas,C,29,NOP,74,74,2240,510,938,57,158,453,780,237,289,226,617,190,41,60,179,247
Denzel Valentine,SG,28,CLE,22,0,204,23,62,18,44,5,18,0,0,9,29,11,7,0,10,17
Denzel Valentine,SG,28,UTA,2,0,18,2,4,1,3,1,1,0,0,0,4,0,1,0,2,3
Jarred Vanderbilt,PF,22,MIN,74,67,1880,212,361,2,14,210,347,86,131,215,409,94,99,46,73,181
Fred VanVleet,PG,27,TOR,65,65,2462,442,1097,242,642,200,455,194,222,44,245,434,111,35,170,162
Devin Vassell,SF,21,SAS,71,32,1937,326,764,137,380,189,384,83,99,44,262,136,76,41,58,143
Gabe Vincent,PG,25,MIA,68,27,1589,214,513,119,323,95,190,44,54,22,104,210,62,12,98,158
Nikola Vučević,C,31,CHI,73,73,2418,546,1154,104,331,442,823,92,121,142,662,236,70,71,136,181
Dean Wade,PF,25,CLE,51,28,980,99,217,51,142,48,75,20,30,31,119,52,29,7,16,88
Franz Wagner,SF,20,ORL,79,79,2429,456,975,96,271,360,704,189,219,84,272,231,68,34,119,164
Moritz Wagner,C,24,ORL,63,3,960,197,396,66,201,131,195,104,129,42,190,87,20,13,56,123
Ish Wainright,PF,27,PHO,45,0,359,41,104,19,59,22,45,7,12,27,27,15,20,6,13,49
Kemba Walker,PG,31,NYK,37,37,948,149,370,73,199,76,171,60,71,14,97,131,26,7,48,37
Lonnie Walker IV,SG,23,SAS,70,6,1612,311,764,111,353,200,411,116,148,18,163,152,44,19,71,98
M.J. Walker,SG,23,PHO,2,0,8,0,4,0,2,0,2,0,0,0,1,1,2,0,0,1
Tyrone Wallace,SG,27,NOP,6,0,75,7,20,2,8,5,12,1,5,0,8,1,3,1,2,7
Derrick Walton,PG,26,DET,3,3,108,6,26,3,13,3,13,4,4,2,8,21,7,4,11,8
Brad Wanamaker,PG,32,IND,22,1,293,26,72,4,17,22,55,20,22,6,29,48,5,6,23,42
Brad Wanamaker,PG,32,WAS,1,1,27,2,5,0,0,2,5,3,3,0,4,7,2,0,0,3
Duane Washington Jr.,PG,21,IND,48,7,968,173,427,81,215,92,212,46,61,4,79,85,26,3,57,66
P.J. Washington,PF,23,CHO,65,28,1768,250,532,110,301,140,231,58,81,82,255,147,57,61,82,152
Yuta Watanabe,SF,27,TOR,38,4,445,56,138,27,79,29,59,24,40,18,74,21,11,16,19,38
Lindy Waters III,SG,24,OKC,25,1,465,71,175,53,146,18,29,4,5,6,67,24,19,8,11,31
Tremont Waters,PG,24,TOR,2,0,42,3,12,2,9,1,3,0,0,0,4,7,4,0,4,2
Tremont Waters,PG,24,WAS,1,0,8,1,2,0,0,1,2,0,0,0,0,0,1,0,0,2
Trendon Watford,SF,21,POR,48,10,869,142,267,9,38,133,229,71,94,57,142,81,25,28,44,116
Paul Watson,SF,27,OKC,9,3,156,12,35,6,26,6,9,1,2,3,24,8,3,3,4,10
Quinndary Weatherspoon,SG,25,GSW,11,0,73,12,21,1,5,11,16,5,5,2,12,5,1,1,3,15
Russell Westbrook,PG,33,LAL,78,78,2678,548,1233,79,265,469,968,266,399,110,470,550,75,20,295,235
Coby White,PG,21,CHI,61,17,1675,279,644,136,353,143,291,78,91,17,165,176,29,11,70,137
Derrick White,SG,27,SAS,49,48,1486,243,570,81,258,162,312,139,160,25,148,274,49,42,87,116
Derrick White,SG,27,BOS,26,4,713,94,230,34,111,60,119,64,75,13,75,92,15,16,32,56
Hassan Whiteside,C,32,UTA,65,8,1162,215,330,0,0,215,330,104,167,166,328,26,22,103,53,179
Joe Wieskamp,SG,22,SAS,29,0,205,20,56,14,43,6,13,7,13,4,10,9,4,3,2,14
Aaron Wiggins,SG,23,OKC,50,35,1209,156,337,42,138,114,199,62,85,51,127,68,30,10,54,93
Andrew Wiggins,SF,26,GSW,73,73,2329,475,1019,157,399,318,620,149,235,85,240,161,76,51,111,158
Lindell Wigginton,PG,23,MIL,19,0,199,26,61,9,26,17,35,19,35,3,22,23,5,1,12,17
Brandon Williams,PG,22,POR,24,16,640,105,282,31,106,74,176,68,97,19,55,94,24,10,58,52
Grant Williams,PF,23,BOS,77,21,1875,205,432,106,258,99,174,86,95,64,210,78,38,57,62,186
Kenrich Williams,SF,27,OKC,49,0,1072,146,317,41,121,105,196,30,55,75,145,108,44,10,46,81
Lou Williams,PG,35,ATL,56,0,799,125,320,37,102,88,218,67,78,16,71,105,28,3,43,48
Patrick Williams,PF,20,CHI,17,9,422,54,102,15,29,39,73,30,41,17,52,15,9,9,16,28
Robert Williams,C,24,BOS,61,61,1804,271,368,0,1,271,367,65,90,238,350,121,56,134,63,137
Ziaire Williams,SF,20,MEM,62,31,1346,191,424,76,242,115,182,43,55,26,103,65,35,12,41,113
D.J. Wilson,PF,25,TOR,4,1,54,11,15,0,2,11,13,8,10,1,15,5,5,1,2,6
Dylan Windler,SF,25,CLE,50,0,459,37,98,21,70,16,28,15,18,21,68,34,14,3,16,47
Justise Winslow,SF,25,LAC,37,1,479,63,141,5,29,58,112,25,41,30,103,52,21,18,37,46
Justise Winslow,SF,25,POR,11,10,295,47,116,10,37,37,79,14,25,20,49,32,14,7,12,21
Cassius Winston,PG,23,WAS,7,0,39,4,11,2,6,2,5,4,4,0,1,7,0,0,3,9
Christian Wood,C,26,HOU,68,67,2094,440,878,131,336,309,542,207,332,110,576,155,54,65,126,171
Robert Woodard II,SF,22,SAC,12,0,42,2,16,1,4,1,12,2,2,5,6,3,1,1,1,3
Delon Wright,SG,29,ATL,77,8,1452,122,269,44,116,78,153,54,63,50,170,188,93,19,45,56
McKinley Wright IV,PG,23,MIN,5,0,19,2,3,1,2,1,1,0,0,0,0,3,0,0,1,1
Moses Wright,PF,23,LAC,1,0,1,0,0,0,0,0,0,0,0,0,0,1,0,0,0,0
Moses Wright,PF,23,DAL,3,0,13,1,4,0,1,1,3,3,3,1,2,1,0,1,0,0
Gabe York,SG,28,IND,2,0,21,2,7,1,6,1,1,3,5,0,2,4,2,1,1,4
Thaddeus Young,PF,33,SAS,26,1,370,74,128,0,5,74,123,10,22,40,53,59,23,7,30,38
Thaddeus Young,PF,33,TOR,26,0,475,67,144,17,43,50,101,13,27,40,75,45,31,11,22,43
Trae Young,PG,23,ATL,76,76,2652,711,1544,233,610,478,934,500,553,50,234,737,72,7,303,128
Omer Yurtseven,C,23,MIA,56,12,706,130,247,1,11,129,236,38,61,85,209,49,17,20,41,84
Cody Zeller,C,29,POR,27,0,355,51,90,0,4,51,86,38,49,50,75,22,8,6,19,56
Ivica Zubac,C,24,LAC,76,76,1852,310,495,0,0,310,495,165,227,217,427,120,36,77,114,203
