player,position,age,team,games,games_started,minutes_played,field_goals,field_goal_attempts,three_pointers,three_point_attempts,two_pointers,two_point_attempts,free_throws,free_throw_attempts,offensive_rebounds,defensive_rebounds,assists,steals,blocks,turnovers,personal_fouls,points
Precious Achiuwa,C,24,TOR,25,0,437,78,170,13,47,65,123,24,42,50,86,44,16,12,29,40,193
Precious Achiuwa,PF,24,NYK,49,18,1187,157,299,13,50,144,249,45,70,141,210,53,30,56,54,103,372
Bam Adebayo,C,26,MIA,71,71,2416,530,1017,15,42,515,975,292,387,159,578,278,81,66,162,159,1367
Ochai Agbaji,SG,23,UTA,51,10,1003,106,249,47,142,59,107,15,20,35,91,47,27,29,34,66,274
Ochai Agbaji,SG,23,TOR,27,18,638,72,184,15,69,57,115,22,36,39,51,36,20,15,30,51,181
Santi Aldama,PF,23,MEM,61,35,1618,247,568,106,304,141,264,54,87,72,280,138,43,54,69,89,654
Nickeil Alexander-Walker,SG,25,MIN,82,20,1921,236,538,131,335,105,203,52,65,35,132,204,64,42,76,143,655
Grayson Allen,SG,28,PHO,75,74,2513,340,682,205,445,135,237,129,147,48,247,227,69,45,95,157,1014
Jarrett Allen,C,25,CLE,77,77,2442,519,819,0,6,519,813,233,314,243,568,210,53,81,121,147,1271
Timmy Allen,SF,24,MEM,5,0,125,6,23,0,7,6,16,1,2,4,13,5,4,0,2,18,13
Jose Alvarado,PG,25,NOP,56,0,1028,142,345,78,207,64,138,35,52,25,103,117,59,15,40,89,397
Kyle Anderson,PF,30,MIN,79,10,1782,199,433,11,48,188,385,97,137,60,213,331,71,47,91,128,506
Giannis Antetokounmpo,PF,29,MIL,73,73,2567,837,1369,34,124,803,1245,514,782,196,645,476,87,79,250,210,2222
Thanasis Antetokounmpo,PF,31,MIL,34,0,155,16,30,0,1,16,29,0,2,7,6,17,7,4,14,24,32
Cole Anthony,PG,23,ORL,81,0,1817,332,763,93,275,239,488,180,218,64,247,236,64,37,126,175,937
OG Anunoby,SF,26,TOR,27,27,900,157,321,61,163,96,158,33,46,24,82,72,28,13,43,62,408
OG Anunoby,SF,26,NYK,23,23,802,125,256,41,104,84,152,34,43,23,79,35,40,23,38,57,325
Ryan Arcidiacono,PG,29,NYK,20,0,45,0,6,0,6,0,0,0,0,0,8,4,2,0,2,5,0
Deni Avdija,SF,23,WAS,75,75,2257,406,803,88,235,318,568,202,273,84,456,286,60,36,160,185,1102
Deandre Ayton,C,25,POR,55,55,1784,427,749,1,10,426,739,65,79,176,433,90,56,42,99,109,920
Udoka Azubuike,C,24,PHO,16,0,113,16,23,0,0,16,23,3,13,11,21,3,1,6,4,17,35
Ibou Badji,C,21,POR,22,1,226,14,22,0,0,14,22,6,12,20,31,13,3,20,15,46,34
Marvin Bagley III,C,24,DET,26,10,478,107,181,1,6,106,175,50,61,46,72,27,5,14,29,40,265
Marvin Bagley III,C,24,WAS,24,15,575,132,227,8,17,124,210,46,65,84,110,28,15,19,30,41,318
Amari Bailey,PG,19,CHO,10,0,65,8,24,1,8,7,16,6,7,6,3,7,3,0,4,2,23
Patrick Baldwin Jr.,SF,21,WAS,38,7,493,59,155,31,97,28,58,19,28,17,106,29,18,15,19,56,168
LaMelo Ball,PG,22,CHO,22,22,711,183,423,70,197,113,226,90,104,29,84,176,40,4,83,79,526
Mo Bamba,C,25,PHI,57,17,740,97,198,25,64,72,134,34,50,77,161,41,22,60,39,101,253
Paolo Banchero,PF,21,ORL,80,80,2799,640,1407,119,351,521,1056,405,559,82,472,431,71,47,247,153,1804
Desmond Bane,SG,25,MEM,42,42,1443,360,776,137,360,223,416,140,161,36,149,230,43,22,112,120,997
Dalano Banton,PG,24,BOS,24,1,171,19,51,2,16,17,35,16,20,12,23,19,5,3,10,20,56
Dalano Banton,PG,24,POR,30,8,876,183,449,57,183,126,266,78,100,29,114,108,28,17,67,44,501
Dominick Barlow,PF,20,SAS,33,1,420,56,113,3,9,53,104,29,42,45,68,36,12,14,9,47,144
Harrison Barnes,PF,31,SAC,82,82,2381,347,732,149,385,198,347,157,196,67,182,99,54,12,58,98,1000
Scottie Barnes,SG,22,TOR,60,60,2094,447,942,101,296,346,646,196,251,141,353,363,75,88,165,118,1191
RJ Barrett,SG,23,NYK,26,26,766,164,388,43,130,121,258,103,124,19,92,63,12,9,47,45,474
RJ Barrett,SG,23,TOR,32,32,1072,272,492,47,120,225,372,105,167,34,170,130,19,13,79,84,696
Charles Bassey,C,23,SAS,19,0,205,29,40,0,1,29,39,5,6,23,53,21,8,17,15,31,63
Emoni Bates,SF,20,CLE,15,0,133,15,49,10,33,5,16,1,4,1,13,10,1,2,8,5,41
Keita Bates-Diop,SF,28,PHO,39,8,597,64,150,20,64,44,86,26,36,30,71,34,22,20,13,33,174
Keita Bates-Diop,SF,28,BRK,14,0,68,8,16,1,5,7,11,6,6,1,8,4,3,2,2,2,23
Nicolas Batum,PF,35,LAC,3,0,54,3,8,2,7,1,1,0,0,0,7,5,3,4,1,5,8
Nicolas Batum,PF,35,PHI,57,38,1475,113,248,71,178,42,70,15,21,70,171,123,45,34,39,104,312
Darius Bazley,PF,23,PHI,3,0,10,0,1,0,0,0,1,0,0,0,1,2,0,0,1,0,0
Darius Bazley,PF,23,UTA,6,0,142,18,29,2,8,16,21,10,12,8,19,5,6,7,7,3,48
Bradley Beal,SG,30,PHO,53,53,1767,377,735,101,235,276,500,109,134,54,178,265,52,27,131,127,964
Malik Beasley,SG,27,MIL,79,77,2337,320,722,224,542,96,180,25,35,41,249,108,59,9,54,158,889
MarJon Beauchamp,SF,23,MIL,48,1,608,81,166,30,75,51,91,19,28,22,77,31,13,7,27,54,211
Jules Bernard,SG,24,WAS,19,0,149,29,64,11,29,18,35,5,9,10,16,16,3,1,8,14,74
Dāvis Bertāns,PF,31,OKC,15,0,91,10,26,10,24,0,2,14,15,2,8,9,3,3,1,10,44
Dāvis Bertāns,PF,31,CHO,28,1,583,82,208,66,176,16,32,16,18,7,44,26,23,9,17,46,246
Patrick Beverley,PG,35,PHI,47,5,919,104,241,35,109,69,132,51,63,30,115,144,24,18,49,83,294
Patrick Beverley,PG,35,MIL,26,8,543,54,138,26,72,28,66,23,27,19,75,68,19,13,16,45,157
Saddiq Bey,SF,24,ATL,63,51,2062,290,697,113,358,177,339,170,203,167,244,92,51,11,54,88,863
Goga Bitadze,C,24,ORL,62,33,957,126,209,2,14,124,195,57,87,109,177,79,32,72,44,107,311
Onuralp Bitim,SG,24,CHI,23,1,268,32,84,12,44,20,40,4,5,6,26,13,3,2,10,24,80
Bismack Biyombo,C,31,MEM,30,27,718,67,119,0,0,67,119,22,46,57,134,51,10,34,38,82,156
Bismack Biyombo,C,31,OKC,10,0,73,7,12,0,0,7,12,4,8,5,13,2,1,3,4,7,18
Anthony Black,PG,20,ORL,69,33,1164,115,247,37,94,78,153,49,80,33,106,91,35,21,56,110,316
Leaky Black,SF,24,CHO,26,3,284,25,52,9,20,16,32,10,15,9,39,24,8,11,6,19,69
Buddy Boeheim,SF,24,DET,10,0,84,9,29,8,25,1,4,8,10,3,7,3,0,1,0,5,34
Bogdan Bogdanović,SG,31,ATL,79,33,2401,471,1100,240,641,231,459,151,164,53,219,247,96,26,112,179,1333
Bojan Bogdanović,PF,34,DET,28,27,921,199,425,86,207,113,218,81,104,13,81,71,23,4,63,57,565
Bojan Bogdanović,SF,34,NYK,29,0,557,110,256,47,127,63,129,36,45,9,49,26,7,1,38,38,303
Bol Bol,PF,24,PHO,43,0,469,93,151,22,52,71,99,15,19,32,105,17,10,25,19,42,223
Marques Bolden,C,25,MIL,2,0,3,0,0,0,0,0,0,0,0,0,2,0,0,0,0,1,0
Marques Bolden,C,25,CHO,9,2,118,17,25,0,1,17,24,3,4,10,22,4,3,7,3,9,37
Devin Booker,PG,27,PHO,68,68,2447,642,1305,152,418,490,887,405,457,56,252,472,61,28,178,206,1841
Brandon Boston Jr.,SF,22,LAC,32,0,345,65,161,14,52,51,109,23,33,19,33,13,11,8,24,40,167
Chris Boucher,PF,31,TOR,50,0,705,110,217,31,94,79,123,71,92,62,145,23,14,24,28,68,322
James Bouknight,SG,23,CHO,14,0,81,18,41,13,30,5,11,1,2,1,8,6,1,1,2,3,50
Jamaree Bouyea,PG,24,POR,6,0,57,5,21,0,8,5,13,0,0,2,8,8,0,0,8,3,10
Jamaree Bouyea,PG,24,SAS,3,0,38,5,7,1,1,4,6,0,0,1,8,3,1,0,1,7,11
Malaki Branham,PG,20,SAS,75,29,1594,271,628,93,268,178,360,55,63,28,120,156,27,8,91,94,690
Christian Braun,SG,22,DEN,82,4,1655,222,483,63,164,159,319,93,134,79,227,132,42,35,55,137,600
Mikal Bridges,SF,27,BRK,82,82,2854,564,1294,220,592,344,702,258,317,68,304,299,81,30,164,116,1606
Miles Bridges,SF,25,CHO,69,67,2581,559,1210,157,450,402,760,174,211,71,434,231,65,33,138,118,1449
Oshae Brissett,SF,25,BOS,55,1,630,68,153,15,55,53,98,50,83,61,99,44,19,8,20,54,201
Izaiah Brockington,PG,24,NOP,1,0,3,2,5,0,1,2,4,0,0,1,1,0,0,0,0,0,4
Malcolm Brogdon,PG,31,POR,39,25,1121,218,496,82,199,136,297,95,116,28,120,214,27,8,60,58,613
Armoni Brooks,PG,25,BRK,10,0,104,15,46,11,32,4,14,1,2,7,11,5,1,1,3,3,42
Dillon Brooks,SF,28,HOU,72,72,2227,329,768,133,370,196,398,124,147,53,193,119,64,10,88,241,915
Bruce Brown,SG,27,IND,33,33,981,149,314,33,101,116,213,67,82,25,129,100,35,8,41,81,398
Bruce Brown,PG,27,TOR,34,11,885,129,268,20,63,109,205,50,60,28,102,92,24,9,45,67,328
Charlie Brown Jr.,SG,26,NYK,8,0,37,2,10,2,7,0,3,0,0,1,1,0,0,2,2,5,6
Greg Brown III,PF,22,DAL,6,0,40,5,11,1,3,4,8,4,9,3,6,4,0,4,4,5,15
Jaylen Brown,SF,27,BOS,70,70,2343,627,1256,145,410,482,846,211,300,84,303,249,83,37,166,185,1610
Kendall Brown,SG,20,IND,15,0,63,8,15,0,2,8,13,5,8,3,2,5,0,0,2,9,21
Kobe Brown,PF,24,LAC,44,0,394,37,90,14,48,23,42,1,2,20,42,25,12,6,9,49,89
Moses Brown,C,24,POR,22,5,200,33,65,0,0,33,65,9,31,37,49,7,5,7,11,27,75
Troy Brown Jr.,SF,24,MIN,37,3,410,52,118,31,84,21,34,19,22,14,58,35,8,2,18,26,154
Troy Brown Jr.,SF,24,DET,22,12,417,32,108,16,57,16,51,13,15,11,61,25,16,1,12,16,93
Jalen Brunson,PG,27,NYK,77,77,2726,790,1648,211,526,579,1122,421,497,43,235,519,70,13,186,144,2212
Thomas Bryant,C,26,MIA,38,4,441,86,149,4,22,82,127,41,47,40,101,23,10,16,21,46,217
Kobe Bufkin,SG,20,ATL,17,0,196,34,92,9,40,25,52,4,8,6,27,27,7,5,10,20,81
Reggie Bullock,SF,32,HOU,44,0,417,34,82,27,67,7,15,1,1,6,67,15,12,5,10,29,96
Alec Burks,SG,32,DET,43,0,901,160,406,99,247,61,159,121,134,16,94,68,21,11,32,64,540
Alec Burks,SG,32,NYK,23,1,311,50,163,25,83,25,80,24,33,8,32,20,7,1,16,11,149
Jared Butler,SG,23,WAS,40,0,566,98,201,24,78,74,123,31,36,9,49,126,29,8,50,58,251
Jimmy Butler,PF,34,MIA,60,60,2042,396,793,60,145,336,648,394,459,105,213,298,79,17,102,68,1246
Jamal Cain,PF,24,MIA,26,1,259,34,79,11,31,23,48,18,23,15,22,10,10,5,8,22,97
Kentavious Caldwell-Pope,SG,30,DEN,76,76,2402,270,587,125,308,145,279,101,113,31,152,183,98,42,75,151,766
Toumani Camara,PF,23,POR,70,49,1739,197,438,58,172,139,266,75,99,139,204,87,66,33,84,174,527
Clint Capela,C,29,ATL,73,73,1883,353,618,0,1,353,617,130,206,335,441,91,43,106,74,164,836
Jevon Carter,PG,28,CHI,72,0,1004,138,365,77,234,61,131,4,7,11,49,94,37,16,36,71,357
Wendell Carter Jr.,C,24,ORL,55,48,1406,223,425,64,171,159,254,93,134,112,269,95,35,28,68,121,603
D.J. Carton,SG,23,TOR,4,0,36,3,8,1,4,2,4,4,5,2,2,3,1,0,1,3,11
Alex Caruso,SG,29,CHI,71,57,2040,253,541,136,333,117,208,73,96,62,211,247,120,70,102,181,715
Colin Castleton,C,23,LAL,16,0,59,9,16,0,0,9,16,6,6,6,6,3,2,0,3,11,24
Malcolm Cazalon,SG,22,DET,1,0,3,0,0,0,0,0,0,0,0,0,0,0,0,0,0,0,0
Julian Champagnie,SF,22,SAS,74,59,1468,164,402,101,277,63,125,75,92,42,164,103,48,42,57,77,504
Justin Champagnie,SF,22,WAS,15,1,235,32,78,13,45,19,33,12,15,19,34,19,10,9,10,14,89
Max Christie,SG,20,LAL,67,7,944,103,241,42,118,61,123,36,46,15,127,60,20,17,35,57,284
Sidy Cissoko,SF,19,SAS,12,0,141,16,33,1,12,15,21,12,15,8,14,10,7,3,3,18,45
Brandon Clarke,PF,27,MEM,6,1,134,33,59,1,6,32,53,1,7,13,19,9,5,6,3,8,68
Jordan Clarkson,SG,31,UTA,55,19,1682,337,816,91,309,246,507,177,201,49,139,277,35,6,146,81,942
Nic Claxton,C,24,BRK,71,71,2116,366,582,1,5,365,577,108,196,193,513,147,46,146,93,175,841
Noah Clowney,PF,19,BRK,23,4,370,50,93,12,33,38,60,21,30,26,55,18,8,16,15,25,133
Amir Coffey,SF,26,LAC,70,13,1460,166,352,70,184,96,168,61,71,29,119,76,41,14,33,102,463
John Collins,PF,26,UTA,68,66,1901,397,746,86,232,311,514,147,185,157,418,77,40,61,98,191,1027
Zach Collins,C,26,SAS,69,29,1526,298,616,58,181,240,435,122,162,118,252,194,34,52,132,206,776
Mike Conley,PG,36,MIN,76,76,2193,294,644,179,405,115,239,102,112,37,181,449,88,17,102,128,869
Pat Connaughton,SF,31,MIL,76,3,1676,151,347,82,238,69,109,44,58,51,188,161,40,19,49,99,428
Bilal Coulibaly,SF,19,WAS,63,15,1715,188,432,64,185,124,247,92,131,56,200,110,57,48,87,137,532
Ricky Council IV,SG,22,PHI,32,0,289,54,112,12,32,42,80,53,71,14,32,16,8,1,5,17,173
Robert Covington,PF,33,LAC,3,3,69,3,9,2,8,1,1,1,2,2,6,7,6,2,0,7,9
Robert Covington,SF,33,PHI,26,3,419,40,89,17,48,23,41,21,24,29,60,17,33,16,11,49,118
Torrey Craig,SF,33,CHI,53,14,1049,108,251,60,153,48,98,27,36,69,148,58,30,21,32,110,303
Jae Crowder,PF,33,MIL,50,25,1156,114,270,58,166,56,104,26,36,31,130,66,38,9,23,74,312
Jalen Crutcher,PG,24,NOP,1,0,3,0,1,0,0,0,1,0,0,0,0,0,0,0,0,0,0
Cade Cunningham,PG,22,DET,62,62,2074,524,1167,119,335,405,832,238,274,33,235,464,56,22,212,153,1405
Seth Curry,SG,33,DAL,36,3,457,54,145,29,80,25,65,17,19,15,37,30,17,3,16,32,154
Seth Curry,SG,33,CHO,8,1,159,26,59,9,28,17,31,11,12,3,13,14,5,3,5,7,72
Stephen Curry,PG,35,GSW,74,74,2421,650,1445,357,876,293,569,299,324,37,293,379,54,28,210,117,1956
Dyson Daniels,PG,20,NOP,61,16,1358,139,311,42,135,97,176,34,53,62,174,164,85,25,59,101,354
Anthony Davis,C,30,LAL,76,76,2700,713,1283,29,107,684,1176,421,516,239,722,266,91,178,159,177,1876
Johnny Davis,SG,21,WAS,50,6,613,62,154,14,40,48,114,14,24,18,54,32,18,10,13,57,152
JD Davison,SG,21,BOS,8,0,39,5,12,3,7,2,5,3,4,2,8,10,1,1,2,4,16
Dexter Dennis,SG,24,DAL,4,0,30,10,19,1,8,9,11,1,3,1,8,4,0,1,3,1,22
DeMar DeRozan,SF,34,CHI,79,79,2989,650,1355,75,225,575,1130,522,612,43,297,421,90,45,135,161,1897
Moussa Diabaté,C,22,LAC,11,0,64,10,19,0,0,10,19,9,14,15,9,4,5,1,2,4,29
Mamadi Diakite,PF,27,SAS,3,0,16,4,5,0,0,4,5,4,6,1,2,2,0,1,0,1,12
Mamadi Diakite,PF,27,NYK,3,0,8,0,1,0,1,0,0,0,0,0,1,0,1,0,1,1,0
Hamidou Diallo,SG,25,WAS,2,0,5,1,2,0,0,1,2,0,0,2,0,1,2,0,1,1,2
Gradey Dick,SG,20,TOR,60,17,1268,189,445,88,241,101,204,44,51,27,105,68,34,2,50,87,510
Ousmane Dieng,PF,20,OKC,33,0,365,49,116,21,70,28,46,14,16,10,41,37,8,5,19,22,133
Spencer Dinwiddie,PG,30,BRK,48,48,1474,195,499,89,278,106,221,125,160,26,132,288,38,9,62,86,604
Spencer Dinwiddie,PG,30,LAL,28,4,678,56,141,35,90,21,51,44,50,4,43,68,13,13,29,52,191
Donte DiVincenzo,SG,27,NYK,81,63,2360,445,1004,283,705,162,299,86,114,63,234,216,107,36,113,166,1259
Luka Dončić,PG,24,DAL,70,70,2624,804,1652,284,744,520,908,478,608,59,588,686,99,38,282,149,2370
Luguentz Dort,SF,24,OKC,79,79,2246,288,657,156,396,132,261,128,155,74,210,113,72,47,74,228,860
Ayo Dosunmu,SG,24,CHI,76,37,2212,360,719,119,295,241,424,85,105,54,162,242,68,36,103,166,924
Jeff Dowtin,PG,26,PHI,12,0,142,20,36,9,19,11,17,3,4,3,17,27,7,1,5,1,52
Henri Drell,SF,23,CHI,4,0,30,4,10,2,6,2,4,1,2,1,3,4,2,1,2,6,11
Andre Drummond,C,30,CHI,79,10,1351,267,480,0,3,267,477,129,218,265,443,37,73,48,81,140,663
Chris Duarte,SF,26,SAC,59,11,719,80,210,44,127,36,83,26,33,26,80,44,28,8,26,80,230
David Duke Jr.,SG,24,SAS,4,0,51,10,18,3,6,7,12,3,3,2,8,5,2,0,3,4,26
Kris Dunn,PG,29,UTA,66,32,1249,147,313,41,111,106,202,22,32,50,139,254,68,28,79,135,357
Kevin Durant,PF,35,PHO,75,75,2791,751,1436,168,407,583,1029,362,423,41,454,378,69,91,244,133,2032
Jalen Duren,C,20,DET,61,60,1777,349,564,0,4,349,560,143,181,192,517,147,33,47,129,192,841
Tari Eason,PF,22,HOU,22,0,480,88,189,18,50,70,139,21,33,46,107,27,31,19,20,51,215
Anthony Edwards,SG,22,MIN,79,78,2770,718,1558,190,532,528,1026,423,506,52,378,405,101,42,241,141,2049
Kessler Edwards,SF,23,SAC,54,0,275,34,82,20,52,14,30,5,9,9,33,15,10,4,4,26,93
Keon Ellis,SG,24,SAC,57,21,978,107,232,70,168,37,64,26,35,32,92,85,51,29,37,112,310
Joel Embiid,C,29,PHI,39,39,1309,450,851,54,139,396,712,399,452,95,335,219,46,66,150,112,1353
Drew Eubanks,C,26,PHO,75,6,1169,152,253,3,3,149,250,72,93,103,219,63,27,61,61,115,379
Tosan Evbuomwan,SF,22,MEM,4,0,74,4,15,2,8,2,7,0,0,8,6,6,0,1,1,5,10
Tosan Evbuomwan,SF,22,DET,13,8,293,32,56,10,24,22,32,17,25,10,36,10,6,4,8,18,91
Dante Exum,PG,28,DAL,55,17,1088,161,302,53,108,108,194,53,68,25,124,157,22,5,49,85,428
Bruno Fernando,C,25,ATL,45,2,682,109,187,0,4,109,183,64,96,59,134,46,25,28,44,107,282
Dorian Finney-Smith,PF,30,BRK,68,56,1934,215,511,117,336,98,175,33,46,109,208,107,56,38,59,150,580
Adam Flagler,SG,24,OKC,2,0,14,1,7,1,6,0,1,0,0,0,0,4,0,0,0,0,3
Malachi Flynn,PG,25,TOR,31,0,474,56,137,28,80,28,57,17,22,13,52,73,18,6,33,42,157
Malachi Flynn,PG,25,NYK,14,0,60,9,23,4,13,5,10,9,11,0,6,6,1,0,3,3,31
Malachi Flynn,PG,25,DET,24,0,342,71,165,24,76,47,89,26,38,8,35,51,19,2,27,21,192
Simone Fontecchio,SF,28,UTA,50,34,1160,161,358,91,233,70,125,32,40,52,124,73,30,18,51,81,445
Simone Fontecchio,SF,28,DET,16,9,484,91,190,43,101,48,89,22,26,12,58,28,14,5,17,29,247
Jordan Ford,PG,25,SAC,6,0,22,4,7,2,3,2,4,2,2,0,2,2,0,0,1,0,12
Trent Forrest,SG,25,ATL,38,0,414,34,90,2,10,32,80,13,17,11,40,92,11,3,20,25,83
Evan Fournier,SG,31,NYK,3,0,39,4,20,2,15,2,5,2,2,0,4,3,4,0,1,4,12
Evan Fournier,SG,31,DET,29,0,541,75,201,31,115,44,86,27,34,5,49,45,25,7,20,44,208
De'Aaron Fox,PG,26,SAC,74,74,2659,720,1549,214,580,506,969,312,423,67,273,418,150,31,194,193,1966
Javon Freeman-Liberty,PG,24,TOR,22,6,403,55,124,10,42,45,82,33,36,16,54,40,10,4,25,28,153
Alex Fudge,SF,20,LAL,4,0,14,1,6,0,2,1,4,2,2,2,0,0,0,0,1,1,4
Alex Fudge,SF,20,DAL,2,0,26,5,9,1,3,4,6,0,0,2,1,0,3,0,1,1,11
Markelle Fultz,PG,25,ORL,43,18,910,154,326,4,18,150,308,23,33,56,82,120,42,15,50,65,335
Andrew Funk,SG,24,CHI,5,0,13,0,4,0,3,0,1,0,0,0,0,0,1,1,0,0,0
Wenyen Gabriel,PF,26,MEM,5,0,81,8,22,1,6,7,16,0,5,7,18,3,2,2,8,10,17
Daniel Gafford,C,25,WAS,45,45,1192,203,294,0,0,203,294,84,119,131,230,69,44,97,46,147,490
Daniel Gafford,PF,25,DAL,29,21,623,145,186,0,0,145,186,34,56,64,137,46,21,56,28,80,324
Danilo Gallinari,PF,35,WAS,26,0,385,57,131,20,64,37,67,47,56,12,64,31,6,3,12,26,181
Danilo Gallinari,SF,35,DET,6,0,90,12,22,7,12,5,10,21,24,2,12,12,2,2,1,9,52
Danilo Gallinari,SF,35,MIL,17,0,155,14,37,3,17,11,20,16,18,6,12,12,6,1,10,15,47
Darius Garland,PG,24,CLE,57,57,1901,375,841,132,356,243,485,146,175,30,122,373,74,7,176,95,1028
Usman Garuba,PF,21,GSW,6,0,18,1,6,0,1,1,5,1,2,3,4,1,1,3,2,2,3
Luka Garza,C,25,MIN,25,0,122,36,75,9,32,27,43,18,25,19,12,4,4,1,6,24,99
Kaiser Gates,SF,27,NOP,1,0,7,0,4,0,2,0,2,0,0,0,1,0,0,0,0,0,0
Keyonte George,PG,20,UTA,75,44,2023,319,815,147,440,172,375,189,223,15,196,332,36,7,188,91,974
Paul George,PF,33,LAC,74,74,2502,582,1236,243,588,339,648,264,291,37,351,262,113,37,153,202,1671
Taj Gibson,PF,38,NYK,16,1,165,7,23,0,6,7,17,2,2,10,18,9,2,6,5,28,16
Taj Gibson,PF,38,DET,4,0,39,8,14,2,4,6,10,0,0,2,7,2,1,1,0,3,18
Josh Giddey,SG,21,OKC,80,80,2011,402,847,82,243,320,604,100,124,111,403,386,51,44,168,111,986
Harry Giles,C,25,BRK,16,0,81,22,44,3,11,19,33,7,13,12,14,6,1,3,6,15,54
Harry Giles,C,25,LAL,7,0,19,1,6,0,3,1,3,0,0,0,4,0,1,0,0,0,2
Shai Gilgeous-Alexander,PG,25,OKC,75,75,2553,796,1487,95,269,701,1218,567,649,65,350,465,150,67,162,184,2254
Anthony Gill,PF,31,WAS,50,3,466,75,160,10,41,65,119,29,36,37,57,34,13,11,23,48,189
Collin Gillespie,PG,24,DEN,24,0,225,32,69,15,38,17,31,8,12,1,20,27,13,0,14,24,87
Jacob Gilyard,PG,25,MEM,37,14,654,60,144,51,120,9,24,2,2,8,35,131,27,5,29,35,173
Jacob Gilyard,PG,25,BRK,4,0,45,0,6,0,6,0,0,0,0,1,2,6,6,0,1,4,0
Rudy Gobert,C,31,MIN,76,76,2593,406,614,0,3,406,611,249,390,285,697,102,52,162,118,238,1061
Jordan Goodwin,PG,25,PHO,40,0,558,75,193,23,80,52,113,25,29,40,77,78,23,9,29,43,198
Jordan Goodwin,PG,25,MEM,17,12,497,66,189,19,61,47,128,19,30,48,88,77,25,9,27,33,170
Aaron Gordon,PF,28,DEN,73,73,2297,398,716,40,138,358,578,177,269,174,297,259,56,45,105,142,1013
Eric Gordon,SG,35,PHO,68,24,1893,274,618,150,397,124,221,51,64,16,106,139,66,30,73,79,749
Devonte' Graham,PG,28,SAS,23,0,313,38,108,25,83,13,25,13,16,5,31,49,9,2,17,14,114
Jerami Grant,PF,29,POR,54,54,1830,383,850,111,276,272,574,255,312,37,154,152,45,34,116,117,1132
RaiQuan Gray,PF,24,SAS,3,0,39,10,17,3,7,7,10,0,0,2,5,6,1,1,1,0,23
A.J. Green,SG,24,MIL,56,0,614,83,196,69,169,14,27,17,19,9,55,30,9,4,12,49,252
Danny Green,SG,36,PHI,2,0,18,0,2,0,1,0,1,0,0,0,2,1,1,0,0,1,0
Draymond Green,PF,33,GSW,55,52,1490,185,372,51,129,134,243,54,74,76,322,332,55,47,135,166,475
Jalen Green,SG,21,HOU,82,82,2601,563,1332,201,605,362,727,283,352,41,382,291,66,28,191,115,1610
Javonte Green,SF,30,CHI,9,5,230,45,75,10,27,35,48,10,13,20,47,5,10,8,7,19,110
Jeff Green,PF,37,HOU,78,6,1307,167,366,53,160,114,206,122,149,46,132,70,16,31,46,100,509
Josh Green,SG,23,DAL,57,33,1505,179,374,72,187,107,187,39,57,40,144,130,47,9,60,107,469
AJ Griffin,SF,20,ATL,20,0,171,18,62,10,39,8,23,2,2,2,16,5,1,2,8,6,48
Quentin Grimes,SG,23,NYK,45,18,910,113,286,77,212,36,74,24,34,14,74,52,30,3,21,66,327
Quentin Grimes,SG,23,DET,6,0,115,9,42,4,28,5,14,10,11,1,11,14,5,4,7,9,32
Mouhamadou Gueye,PF,25,TOR,11,0,120,11,38,0,3,11,35,4,9,12,11,5,3,18,12,15,26
Mouhamed Gueye,PF,21,ATL,6,0,73,8,23,3,9,5,14,5,6,10,12,4,5,4,1,13,24
Rui Hachimura,PF,25,LAL,68,39,1826,363,676,98,232,265,444,99,134,58,236,81,41,25,46,101,923
Ashton Hagans,PG,24,POR,19,1,316,29,71,8,25,21,46,14,17,14,31,54,11,9,30,40,80
Tyrese Haliburton,PG,23,IND,69,68,2224,500,1048,195,535,305,513,194,227,35,236,752,83,48,159,75,1389
R.J. Hampton,PG,22,MIA,8,2,76,4,14,1,8,3,6,1,2,2,4,8,0,0,3,8,10
Tim Hardaway Jr.,SF,31,DAL,79,12,2120,392,976,211,597,181,379,144,169,22,232,139,42,6,69,106,1139
James Harden,PG,34,LAC,72,72,2470,352,822,186,488,166,334,302,344,34,335,614,77,57,185,127,1192
Jaden Hardy,SG,21,DAL,73,7,989,195,479,81,224,114,255,59,76,20,111,109,22,4,62,80,530
Ron Harper Jr.,PF,23,TOR,1,0,4,0,0,0,0,0,0,0,0,0,0,1,0,0,0,2,0
Gary Harris,SG,29,ORL,54,27,1297,131,297,76,205,55,92,34,45,24,67,87,49,14,31,91,372
Joe Harris,SG,32,DET,16,0,170,14,39,10,30,4,9,1,2,3,10,10,3,2,4,19,39
Kevon Harris,SG,26,ORL,2,0,6,2,3,0,0,2,3,0,0,0,2,1,0,0,1,3,4
Tobias Harris,PF,31,PHI,70,70,2368,463,951,91,258,372,693,187,213,80,373,217,70,46,93,115,1204
Shaquille Harrison,SG,30,MEM,3,0,6,1,2,0,0,1,2,0,0,0,2,0,0,1,0,0,2
Josh Hart,SF,28,NYK,81,42,2707,295,679,80,258,215,421,91,115,128,547,331,75,23,118,171,761
Isaiah Hartenstein,C,25,NYK,75,49,1896,235,365,1,3,234,362,111,157,244,382,188,87,85,93,210,582
Sam Hauser,SF,26,BOS,79,13,1741,249,558,197,465,52,93,17,19,45,231,82,40,25,32,99,712
Jordan Hawkins,SG,21,NOP,67,10,1160,174,456,109,298,65,158,67,80,29,119,70,19,7,40,72,524
Jaxson Hayes,C,23,LAL,70,5,877,126,175,0,8,126,167,51,82,69,142,33,34,29,43,123,303
Killian Hayes,PG,22,DET,42,31,1008,117,283,22,74,95,209,33,50,11,108,205,36,20,51,75,289
Gordon Hayward,SF,33,CHO,25,25,798,139,297,22,61,117,236,62,81,25,92,116,28,12,51,46,362
Gordon Hayward,SF,33,OKC,26,3,447,48,106,15,29,33,77,27,39,13,51,42,12,1,15,21,138
Scoot Henderson,PG,19,POR,62,32,1765,307,797,87,268,220,529,167,204,53,141,336,48,13,212,195,868
Taylor Hendricks,PF,20,UTA,40,23,856,108,240,53,140,55,100,23,29,46,139,32,28,30,27,77,292
Tyler Herro,SG,24,MIA,42,40,1407,324,735,132,333,192,402,95,111,19,203,188,30,3,93,63,875
Buddy Hield,SF,31,IND,52,28,1336,229,517,137,357,92,160,28,33,34,133,139,43,31,62,103,623
Buddy Hield,SG,31,PHI,32,14,824,142,333,82,211,60,122,24,26,27,75,97,27,11,41,66,390
Haywood Highsmith,PF,27,MIA,66,26,1366,153,329,76,192,77,137,23,36,65,145,70,53,30,34,117,405
Nate Hinton,SG,24,HOU,15,0,75,11,26,7,14,4,12,4,5,7,15,10,3,2,3,11,33
D'Moi Hodge,SG,25,LAL,7,0,41,5,15,3,12,2,3,1,2,0,0,5,1,1,1,4,14
Aaron Holiday,PG,27,HOU,78,1,1269,186,417,84,217,102,200,58,63,23,100,140,42,6,53,125,514
Jrue Holiday,PG,33,BOS,69,69,2263,331,689,138,322,193,367,60,72,84,289,333,61,53,124,108,860
Justin Holiday,SG,34,DEN,58,9,862,88,194,55,136,33,58,3,4,9,62,67,36,9,14,69,234
Richaun Holmes,C,30,DAL,23,2,237,33,59,0,0,33,59,12,21,33,45,15,3,9,12,33,78
Richaun Holmes,PF,30,WAS,17,8,318,49,88,1,3,48,85,22,26,38,66,10,8,10,12,41,121
Chet Holmgren,C,21,OKC,82,82,2413,505,953,129,349,376,604,218,275,129,519,200,53,190,131,197,1357
Jalen Hood-Schifino,SG,20,LAL,21,0,109,10,45,2,15,8,30,12,20,2,11,8,3,2,9,13,34
Al Horford,C,37,BOS,65,33,1740,214,419,108,258,106,161,26,30,82,331,168,38,62,48,93,562
Talen Horton-Tucker,PG,23,UTA,51,11,1009,184,465,60,182,124,283,88,109,21,100,177,45,19,65,94,516
Danuel House Jr.,SF,30,PHI,34,4,509,47,105,15,50,32,55,35,46,16,42,28,15,5,19,45,144
Caleb Houstan,SF,21,ORL,59,13,815,80,206,72,193,8,13,21,26,28,56,29,15,4,16,61,253
Jett Howard,SF,20,ORL,18,0,67,10,30,7,25,3,5,2,4,1,6,6,2,2,3,4,29
Kevin Huerter,SG,25,SAC,64,59,1562,248,560,123,341,125,219,36,47,38,186,166,45,23,53,135,655
Jay Huff,C,25,DEN,20,0,49,9,15,3,9,6,6,2,2,2,9,2,2,3,1,9,23
De'Andre Hunter,SF,26,ATL,57,37,1681,304,663,117,304,187,359,166,196,31,191,87,40,16,83,146,891
Matthew Hurt,PF,23,MEM,8,0,113,12,34,5,20,7,14,3,3,9,7,4,3,3,2,8,32
Bones Hyland,PG,23,LAC,37,5,540,97,251,44,135,53,116,18,23,5,50,93,26,4,44,51,256
Joe Ingles,SF,36,ORL,68,0,1169,99,227,70,161,29,66,28,34,18,124,203,43,5,67,88,296
Brandon Ingram,SF,26,NOP,64,64,2103,500,1017,86,242,414,775,246,307,43,281,363,50,40,163,145,1332
Kyrie Irving,SG,31,DAL,58,58,2030,562,1131,173,421,389,710,190,210,44,246,299,74,28,106,112,1487
Jonathan Isaac,PF,26,ORL,58,2,914,146,286,42,112,104,174,59,82,73,187,30,43,70,27,64,393
Jaden Ivey,SG,21,DET,77,61,2217,417,973,124,369,293,604,227,303,86,178,296,57,41,190,204,1185
Andre Jackson Jr.,SG,22,MIL,57,8,572,50,100,17,46,33,54,8,11,43,70,50,16,6,28,92,125
GG Jackson II,PF,19,MEM,48,18,1233,241,563,102,286,139,277,115,153,53,143,59,28,24,65,64,699
Isaiah Jackson,C,22,IND,59,3,771,155,233,0,4,155,229,73,102,94,144,50,34,61,39,137,383
Jaren Jackson Jr.,C,24,MEM,66,66,2124,516,1162,117,366,399,796,337,417,85,280,154,80,106,160,235,1486
Justin Jackson,SF,28,MIN,2,0,1,0,0,0,0,0,0,0,0,0,0,0,0,0,0,0,0
Quenton Jackson,PG,25,IND,3,0,11,0,1,0,0,0,1,2,2,0,4,2,1,0,0,1,2
Reggie Jackson,PG,33,DEN,82,23,1817,326,756,102,284,224,472,79,98,33,122,308,44,13,106,149,833
Trayce Jackson-Davis,PF,23,GSW,68,16,1130,233,332,0,1,233,331,74,132,135,206,82,29,76,49,108,540
LeBron James,PF,39,LAL,71,71,2504,685,1269,149,363,536,906,303,404,61,457,589,89,38,245,78,1822
Jaime Jaquez Jr.,SF,22,MIA,75,20,2113,341,697,65,202,276,495,142,175,82,203,195,77,20,110,167,889
DeJon Jarreau,SG,26,MEM,9,0,150,17,50,4,13,13,37,5,11,8,36,26,6,2,9,14,43
DaQuan Jeffries,SG,26,NYK,17,0,46,6,17,2,10,4,7,0,2,0,5,5,0,1,3,2,14
Trey Jemison,C,24,WAS,2,0,1,0,0,0,0,0,0,0,0,0,1,0,0,0,1,0,0
Trey Jemison,C,24,MEM,23,14,572,75,136,0,0,75,136,21,25,64,69,27,12,28,33,69,171
Ty Jerome,SG,26,CLE,2,0,15,2,4,0,1,2,3,0,0,1,0,3,0,0,1,2,4
Isaiah Joe,SG,24,OKC,78,1,1445,222,485,147,353,75,132,45,52,32,148,99,46,22,47,87,636
Cameron Johnson,PF,27,BRK,58,47,1599,276,619,138,353,138,266,86,109,55,196,138,49,15,57,105,776
Jalen Johnson,SF,22,ATL,56,52,1889,359,702,71,200,288,502,107,147,74,414,203,67,47,101,133,896
James Johnson,PF,36,IND,9,0,47,3,10,0,2,3,8,2,2,1,3,8,5,1,5,9,8
Keldon Johnson,SF,24,SAS,69,27,2038,391,862,127,367,264,495,175,221,95,282,195,51,20,100,149,1084
Keon Johnson,SG,21,BRK,5,0,61,8,21,4,10,4,11,11,12,3,4,3,3,1,5,5,31
Keyontae Johnson,SF,23,OKC,9,0,66,5,16,1,3,4,13,0,0,4,6,4,1,0,4,5,11
Nikola Jokić,C,28,DEN,79,79,2737,822,1411,83,231,739,1180,358,438,223,753,708,108,68,237,194,2085
Colby Jones,SG,21,SAC,30,0,192,28,71,2,22,26,49,6,11,17,23,20,7,5,10,29,64
Damian Jones,C,28,CLE,39,0,270,43,72,3,14,40,58,18,21,20,42,15,7,13,13,27,107
Derrick Jones Jr.,SF,26,DAL,76,66,1783,239,495,82,239,157,256,97,136,82,168,75,53,51,65,121,657
Herbert Jones,SF,25,NOP,76,76,2321,293,588,114,273,179,315,137,158,74,198,199,105,62,93,224,837
Mason Jones,SG,25,SAC,5,0,28,2,8,2,7,0,1,1,2,1,4,5,1,0,2,3,7
Tre Jones,PG,24,SAS,77,48,2138,303,600,64,191,239,409,101,118,58,231,478,78,9,116,92,771
Tyus Jones,PG,27,WAS,66,66,1933,326,666,106,256,220,410,32,40,20,159,485,71,18,66,48,790
DeAndre Jordan,C,35,DEN,36,2,396,58,93,0,0,58,93,26,53,54,103,26,6,16,23,56,142
Cory Joseph,PG,32,GSW,26,0,296,23,64,13,42,10,22,4,7,6,24,42,4,3,12,25,63
Nikola Jović,PF,20,MIA,46,38,896,127,281,65,163,62,118,33,47,25,167,90,25,14,42,82,352
Johnny Juzang,SG,22,UTA,20,5,372,51,110,32,77,19,33,10,14,7,29,23,4,2,13,29,144
Luke Kennard,SG,27,MEM,39,22,999,141,315,107,238,34,77,40,45,11,102,136,20,2,54,39,429
Walker Kessler,C,22,UTA,64,22,1493,229,350,4,19,225,331,56,93,165,316,60,30,154,66,132,518
Braxton Key,SF,26,DEN,20,0,60,7,17,2,5,5,12,6,8,3,15,9,2,1,1,5,22
Corey Kispert,SF,24,WAS,80,22,2067,386,794,184,480,202,314,114,157,30,195,156,41,16,98,141,1070
Maxi Kleber,C,32,DAL,43,7,871,63,146,32,92,31,54,33,47,30,113,68,17,30,28,79,191
Kevin Knox,SF,24,DET,31,11,560,86,186,31,94,55,92,20,22,18,57,23,13,7,22,50,223
John Konchar,SF,27,MEM,55,23,1173,88,208,38,120,50,88,21,25,72,185,110,51,51,46,76,235
Furkan Korkmaz,SG,26,PHI,35,0,300,30,76,14,40,16,36,14,20,4,26,25,14,3,10,17,88
Luke Kornet,C,28,BOS,63,7,983,142,203,1,1,141,202,49,54,118,143,67,23,61,21,77,334
Vit Krejci,PG,23,ATL,22,14,541,51,104,28,68,23,36,5,6,11,41,50,13,6,20,48,135
Jonathan Kuminga,PF,21,GSW,74,46,1949,456,862,53,165,403,697,223,299,92,263,163,55,36,122,169,1188
Kyle Kuzma,PF,28,WAS,70,70,2281,608,1313,151,450,457,863,186,240,62,402,296,37,49,192,153,1553
Jock Landale,C,28,HOU,56,3,763,106,206,10,40,96,166,52,65,88,84,65,20,33,31,74,274
Jake LaRavia,PF,22,MEM,35,6,806,118,303,53,156,65,147,90,109,51,77,58,29,12,45,69,379
Zach LaVine,SG,28,CHI,25,23,872,170,376,59,169,111,207,88,103,8,121,98,21,8,52,57,487
A.J. Lawson,SG,23,DAL,42,0,311,54,121,13,50,41,71,15,23,14,36,20,10,3,14,22,136
Saben Lee,PG,24,PHO,24,0,185,20,55,2,16,18,39,29,39,9,22,30,7,3,8,13,71
Alex Len,C,30,SAC,48,0,444,50,81,0,3,50,78,20,34,46,82,50,11,33,27,66,120
Kawhi Leonard,SF,32,LAC,68,68,2330,610,1162,140,336,470,826,253,286,84,332,244,111,59,119,97,1613
Caris LeVert,SG,29,CLE,68,10,1958,345,820,108,332,237,488,154,201,39,241,346,76,34,117,121,952
Kira Lewis Jr.,PG,22,NOP,15,0,144,16,52,2,20,14,32,10,11,4,10,18,5,1,8,8,44
Kira Lewis Jr.,PG,22,TOR,1,0,2,0,0,0,0,0,0,0,0,0,0,0,0,0,0,1,0
Kira Lewis Jr.,PG,22,UTA,12,0,119,18,40,2,13,16,27,7,9,5,7,19,4,1,6,4,45
Maxwell Lewis,SF,21,LAL,34,0,103,4,21,1,9,3,12,2,3,2,2,6,2,1,10,5,11
E.J. Liddell,PF,23,NOP,8,0,23,1,6,0,5,1,1,2,2,0,5,1,2,2,2,2,4
Damian Lillard,PG,33,MIL,73,73,2579,541,1277,220,622,321,655,473,514,36,284,508,72,18,193,134,1775
Nassir Little,SF,23,PHO,45,2,458,57,124,21,70,36,54,17,20,14,61,21,10,10,14,39,152
Dereck Lively II,C,19,DAL,55,42,1294,221,296,0,2,221,294,41,81,135,243,60,36,77,50,144,483
Isaiah Livers,PF,25,DET,23,6,469,40,116,22,77,18,39,12,18,15,33,25,13,5,16,43,114
Chris Livingston,SF,20,MIL,21,0,90,11,22,1,5,10,17,3,4,3,18,5,2,0,5,15,26
Kenneth Lofton Jr.,PF,21,MEM,15,0,99,14,37,3,10,11,27,8,15,2,13,14,3,3,6,15,39
Kenneth Lofton Jr.,PF,21,PHI,2,0,9,1,6,0,2,1,4,0,0,0,3,0,0,0,2,0,2
Kenneth Lofton Jr.,PF,21,UTA,4,0,91,21,35,4,12,17,23,9,11,10,10,19,3,2,6,9,55
Kevon Looney,C,27,GSW,74,36,1195,139,233,0,1,139,232,56,83,143,276,133,28,29,50,155,334
Brook Lopez,C,35,MIL,79,79,2411,366,755,148,404,218,351,110,134,117,292,127,43,189,79,191,990
Robin Lopez,C,35,MIL,16,2,65,7,19,2,8,5,11,2,2,3,2,4,1,3,2,7,18
Kevin Love,PF,35,MIA,55,5,924,158,359,84,244,74,115,85,108,59,279,115,18,10,48,97,485
Kyle Lowry,PG,37,MIA,37,35,1037,103,242,62,161,41,81,35,42,25,104,147,39,15,53,94,303
Kyle Lowry,PG,37,PHI,23,20,653,60,135,36,89,24,46,28,33,9,56,106,20,6,32,52,184
Seth Lundy,SF,23,ATL,9,0,52,4,17,3,13,1,4,3,4,1,6,0,0,0,1,6,14
Trey Lyles,PF,28,SAC,58,0,1158,143,321,84,219,59,102,49,70,61,196,72,17,19,38,86,419
Théo Maledon,PG,22,CHO,13,1,200,19,66,5,30,14,36,11,12,4,19,28,7,0,15,18,54
Théo Maledon,PG,22,PHO,4,0,13,1,4,0,0,1,4,3,3,0,1,0,0,0,3,3,5
Sandro Mamukelashvili,C,24,SAS,46,5,451,73,155,19,64,54,91,25,34,45,102,49,7,12,19,35,190
Terance Mann,SG,27,LAC,75,71,1873,254,493,71,204,183,289,79,95,87,167,119,43,15,48,145,658
Tre Mann,PG,22,OKC,13,0,119,20,40,8,19,12,21,1,1,4,20,20,3,0,9,3,49
Tre Mann,PG,22,CHO,28,28,868,125,276,39,107,86,169,44,58,16,109,145,48,3,56,45,333
Boban Marjanović,C,35,HOU,14,0,71,18,34,0,2,18,32,9,14,7,25,6,1,2,5,5,45
Lauri Markkanen,PF,26,UTA,55,55,1820,427,890,175,439,252,451,249,277,122,327,110,50,26,77,100,1278
Naji Marshall,SF,26,NOP,66,1,1257,170,367,58,150,112,217,68,86,53,187,128,49,12,65,91,466
Caleb Martin,SF,28,MIA,64,23,1756,241,559,81,232,160,327,77,99,74,207,143,47,29,77,126,640
Cody Martin,SF,28,CHO,28,22,753,82,215,27,86,55,129,20,33,19,90,104,32,18,44,48,211
KJ Martin,SF,23,LAC,2,0,31,4,10,1,5,3,5,1,2,1,2,1,2,1,2,3,10
KJ Martin,SF,23,PHI,58,2,715,93,171,7,23,86,148,21,39,40,88,50,20,11,30,97,214
Garrison Mathews,SG,27,ATL,66,5,992,103,226,85,193,18,33,34,42,17,75,37,20,8,19,115,325
Bennedict Mathurin,SF,21,IND,59,19,1538,296,663,80,214,216,449,184,224,60,174,119,35,14,97,117,856
Wesley Matthews,SG,37,ATL,36,3,413,34,97,24,69,10,28,18,24,9,44,23,16,11,8,43,110
Tyrese Maxey,PG,23,PHI,70,70,2626,638,1419,212,569,426,850,328,378,36,222,433,69,33,116,151,1816
Skylar Mays,PG,26,POR,21,5,356,53,138,14,49,39,89,13,17,9,28,75,14,3,18,20,133
Skylar Mays,SG,26,LAL,17,0,77,10,21,2,5,8,16,0,0,1,5,10,7,1,2,6,22
Miles McBride,PG,23,NYK,68,14,1328,205,454,109,266,96,188,43,50,31,69,114,50,7,30,108,562
CJ McCollum,PG,32,NOP,66,66,2159,484,1055,239,557,245,498,115,139,39,247,305,62,41,110,126,1322
T.J. McConnell,PG,31,IND,71,4,1291,330,593,18,44,312,549,49,62,36,155,390,72,8,108,79,727
Jaden McDaniels,SF,23,MIN,72,71,2105,307,628,86,255,221,373,57,79,56,168,101,63,42,87,219,757
Jalen McDaniels,SF,26,TOR,50,1,538,65,189,12,71,53,118,27,37,18,61,37,19,6,30,52,169
Doug McDermott,SF,32,SAS,46,0,700,95,215,76,173,19,42,10,17,8,40,57,11,2,24,48,276
Doug McDermott,SF,32,IND,18,0,204,28,69,18,56,10,13,1,2,2,9,13,5,0,4,16,75
JaVale McGee,C,36,SAC,46,0,339,79,132,1,7,78,125,26,45,42,84,17,14,20,34,46,185
Bryce McGowens,SG,21,CHO,59,14,882,101,230,34,102,67,128,66,85,17,85,51,21,10,30,74,302
Jordan McLaughlin,PG,27,MIN,56,0,626,70,145,42,89,28,56,13,18,18,54,110,35,7,19,31,195
De'Anthony Melton,SG,25,PHI,38,33,1023,139,360,77,214,62,146,66,79,28,113,114,60,16,39,84,421
Nathan Mensah,C,25,CHO,25,0,307,12,28,0,0,12,28,9,12,29,36,9,6,14,14,64,33
Sam Merrill,SG,27,CLE,61,1,1069,158,393,143,354,15,39,26,28,22,98,108,19,4,19,72,485
Chimezie Metu,C,26,PHO,37,5,448,66,130,15,51,51,79,38,43,24,86,19,19,9,27,39,185
Chimezie Metu,C,26,DET,14,7,411,57,114,13,43,44,71,20,21,17,67,27,24,7,25,32,147
Vasilije Micić,PG,30,OKC,30,0,361,37,91,11,45,26,46,14,19,1,23,76,9,3,29,22,99
Vasilije Micić,PG,30,CHO,30,21,815,122,279,32,109,90,170,47,56,13,51,186,22,4,70,46,323
Khris Middleton,SF,32,MIL,55,55,1487,317,643,94,247,223,396,100,120,40,217,292,51,15,127,141,828
Brandon Miller,SF,21,CHO,74,68,2383,476,1083,184,493,292,590,143,173,60,255,175,66,42,132,184,1279
Jordan Miller,SF,24,LAC,8,0,28,5,9,1,2,4,7,2,2,3,2,0,0,0,1,2,13
Leonard Miller,SF,20,MIN,17,0,52,13,20,2,5,11,15,1,2,5,15,8,2,1,1,5,29
Dariq Whitehead,SF,19,BRK,2,0,24,1,5,0,3,1,2,1,2,0,4,3,0,1,0,0,3
Patty Mills,PG,35,ATL,19,0,202,19,51,13,34,6,17,0,0,5,15,14,9,1,8,17,51
Patty Mills,PG,35,MIA,13,5,213,27,80,11,53,16,27,11,11,4,11,20,11,0,8,15,76
Shake Milton,SG,27,MIN,38,0,491,64,160,14,53,50,107,36,44,7,44,50,16,5,28,44,178
Shake Milton,SG,27,DET,4,0,63,11,26,3,9,8,17,2,3,7,11,6,2,1,3,3,27
Shake Milton,SG,27,NYK,6,0,27,4,9,1,2,3,7,2,2,0,6,4,1,0,0,7,11
Justin Minaya,SF,24,POR,34,1,381,22,74,12,49,10,25,5,9,30,26,21,9,10,9,35,61
Josh Minott,SF,21,MIN,32,0,91,17,36,4,10,13,26,12,14,4,13,8,5,5,2,10,50
Davion Mitchell,PG,25,SAC,72,4,1101,146,323,57,158,89,165,30,42,19,76,134,17,3,43,85,379
Donovan Mitchell,SG,27,CLE,55,55,1942,503,1089,182,494,321,595,275,318,46,234,333,101,30,154,118,1463
Evan Mobley,PF,22,CLE,50,50,1532,320,552,22,59,298,493,123,171,111,357,160,45,72,90,134,785
Isaiah Mobley,PF,24,CLE,10,0,72,10,24,3,10,7,14,0,1,3,7,6,2,0,2,6,23
Malik Monk,SG,25,SAC,72,0,1872,396,893,148,423,248,470,170,205,28,184,370,45,39,150,156,1110
Moses Moody,SG,21,GSW,66,9,1156,194,420,72,200,122,220,73,93,65,131,57,42,24,44,90,533
Xavier Moon,SG,29,LAC,14,1,119,15,46,2,17,13,29,1,2,8,10,21,3,3,5,8,33
Taze Moore,SG,25,POR,4,0,40,8,19,1,7,7,12,1,2,4,4,5,2,0,3,4,18
Wendell Moore Jr.,SG,22,MIN,25,0,75,9,18,0,6,9,12,0,0,0,12,6,5,1,4,5,18
Ja Morant,PG,24,MEM,9,9,318,80,170,14,51,66,119,52,64,6,44,73,7,5,27,19,226
Marcus Morris,PF,34,PHI,37,7,637,90,205,36,90,54,115,31,36,18,91,26,13,11,19,61,247
Marcus Morris,PF,34,CLE,12,0,180,26,59,12,29,14,30,5,8,5,20,10,2,2,11,13,69
Markieff Morris,PF,34,DAL,26,1,216,23,68,15,42,8,26,5,6,4,35,16,5,3,12,12,66
Monte Morris,PG,28,DET,6,0,68,12,33,2,11,10,22,1,2,2,10,8,1,1,2,1,27
Monte Morris,PG,28,MIN,27,0,408,50,120,25,59,25,61,12,17,5,40,61,18,8,5,13,137
Trey Murphy III,SF,23,NOP,57,23,1690,275,621,169,445,106,176,123,151,42,238,124,51,28,34,70,842
Dejounte Murray,SG,27,ATL,78,78,2783,672,1463,201,554,471,909,208,262,62,354,502,111,24,201,138,1753
Jamal Murray,PG,26,DEN,59,59,1861,474,986,145,341,329,645,157,184,42,200,384,57,39,125,104,1250
Keegan Murray,SF,23,SAC,77,77,2588,443,975,183,511,260,464,103,124,106,314,129,79,59,64,205,1172
Kris Murray,SF,23,POR,62,29,1348,145,366,49,183,96,183,37,56,85,139,80,53,21,55,92,376
Mike Muscala,C,32,WAS,24,2,338,33,90,14,51,19,39,15,20,22,53,22,5,7,16,31,95
Mike Muscala,C,32,DET,13,4,171,15,44,13,34,2,10,2,4,10,19,10,3,5,2,13,45
Mike Muscala,C,32,OKC,16,0,91,8,22,1,11,7,11,0,1,7,14,4,1,1,4,8,17
Svi Mykhailiuk,SF,26,BOS,41,2,413,57,137,42,108,15,29,6,9,11,40,35,11,1,12,19,162
Larry Nance Jr.,C,31,NOP,61,0,1216,138,241,27,65,111,176,47,61,94,213,113,61,19,49,98,350
Pete Nance,PF,23,CLE,8,0,27,1,6,1,1,0,5,0,2,0,3,0,1,0,1,2,3
Andrew Nembhard,PG,24,IND,68,47,1697,260,522,61,171,199,351,45,56,36,105,280,63,6,101,143,626
Aaron Nesmith,SF,24,IND,72,47,1995,315,635,140,334,175,301,107,137,63,212,108,65,49,64,241,877
Georges Niang,PF,30,CLE,82,10,1831,284,632,149,396,135,236,51,60,22,256,98,30,18,72,192,768
Daishen Nix,PG,21,MIN,15,0,50,9,24,6,17,3,7,3,6,1,2,6,5,0,5,2,27
Zeke Nnaji,PF,23,DEN,58,0,576,69,149,6,23,63,126,42,62,61,65,32,15,38,27,81,186
Jaylen Nowell,SG,24,MEM,9,1,156,22,55,4,23,18,32,3,3,3,11,16,3,0,5,13,51
Jaylen Nowell,SG,24,DET,4,0,58,12,23,2,6,10,17,4,6,3,7,3,1,2,2,2,30
Markquis Nowell,SG,24,TOR,1,0,4,0,1,0,0,0,1,2,2,2,0,2,1,0,0,0,2
Frank Ntilikina,PG,25,CHO,5,0,43,1,9,1,8,0,1,2,2,1,5,4,0,0,1,4,5
Jusuf Nurkić,C,29,PHO,76,76,2078,320,627,22,90,298,537,167,261,224,613,301,81,80,175,254,829
Jordan Nwora,SF,25,IND,18,0,183,37,82,11,36,26,46,9,11,8,25,18,6,1,12,19,94
Jordan Nwora,SF,25,TOR,34,1,529,101,217,33,95,68,122,35,42,20,96,44,20,12,41,29,270
Royce O'Neale,SF,30,BRK,49,6,1202,126,325,97,265,29,60,15,22,38,183,137,32,29,51,120,364
Royce O'Neale,SF,30,PHO,30,8,752,88,214,59,157,29,57,9,13,22,134,82,27,15,22,54,244
Chuma Okeke,SF,25,ORL,47,8,432,40,112,23,82,17,30,4,7,18,62,20,9,7,16,19,107
Josh Okogie,SG,25,PHO,60,11,960,86,206,29,94,57,112,76,102,74,80,64,48,24,36,68,277
Onyeka Okongwu,C,23,ATL,55,8,1405,223,365,23,69,200,296,92,116,145,231,74,26,60,45,162,561
Isaac Okoro,SF,23,CLE,69,42,1887,235,480,84,215,151,265,93,137,67,139,132,57,34,54,140,647
Kelly Olynyk,C,32,UTA,50,8,1019,145,258,36,84,109,174,80,95,63,191,219,37,12,81,132,406
Kelly Olynyk,C,32,TOR,28,19,740,131,239,24,71,107,168,70,85,45,112,128,37,18,71,98,356
Eugene Omoruyi,SF,26,WAS,43,0,393,81,167,13,46,68,121,32,49,35,50,35,27,5,21,62,207
Cedi Osman,SF,28,SAS,72,3,1269,184,384,86,221,98,163,35,52,25,155,119,36,11,47,107,489
Kelly Oubre Jr.,SF,28,PHI,68,52,2055,387,878,101,325,286,553,174,232,94,247,101,77,47,87,194,1049
Chris Paul,PG,38,GSW,58,18,1531,206,467,78,210,128,257,43,52,18,207,393,70,6,76,108,533
Cameron Payne,PG,29,MIL,47,2,702,101,222,52,131,49,91,37,44,5,57,109,22,3,31,73,291
Cameron Payne,PG,29,PHI,31,8,602,107,259,52,136,55,123,21,23,16,39,96,20,8,35,53,287
Gary Payton II,SG,31,GSW,44,0,680,103,183,20,55,83,128,14,23,46,67,48,39,18,27,77,240
Mãozinha Pereira,SF,23,MEM,7,1,122,18,35,5,13,13,22,7,10,11,26,2,6,4,5,10,48
Drew Peterson,PF,24,BOS,3,0,23,4,6,3,5,1,1,0,0,0,1,1,2,0,1,1,11
Filip Petrušev,C,23,PHI,1,0,3,0,0,0,0,0,0,0,0,0,1,0,0,0,0,0,0
Filip Petrušev,C,23,SAC,2,0,7,1,2,0,0,1,2,1,2,0,0,0,0,0,0,1,3
Julian Phillips,SF,20,CHI,40,0,323,32,77,12,38,20,39,13,19,12,24,13,7,7,10,40,89
Jalen Pickett,SG,24,DEN,27,0,122,15,35,9,25,6,10,3,4,1,13,21,4,0,9,13,42
Scotty Pippen Jr.,PG,23,MEM,21,16,527,100,203,30,72,70,131,41,55,22,45,98,36,10,56,60,271
Mason Plumlee,C,33,LAC,46,11,674,87,153,0,6,87,147,70,99,60,174,55,14,17,36,68,244
Brandin Podziemski,SG,20,GSW,74,28,1968,271,597,90,234,181,363,50,79,118,309,273,61,14,88,122,682
Jakob Poeltl,C,28,TOR,50,50,1319,248,378,0,0,248,378,59,107,146,283,127,35,76,77,149,555
Aleksej Pokusevski,PF,22,OKC,10,0,60,4,16,2,11,2,5,2,4,2,8,5,1,1,3,5,12
Aleksej Pokusevski,PF,22,CHO,18,0,345,45,105,16,44,29,61,28,37,15,64,30,14,12,16,17,134
Jordan Poole,SG,24,WAS,78,66,2346,490,1186,184,564,306,622,192,219,32,180,343,86,25,188,244,1356
Craig Porter Jr.,PG,23,CLE,51,6,649,116,228,12,34,104,194,41,56,21,88,118,21,15,45,40,285
Jontay Porter,PF,24,TOR,26,5,360,40,104,20,60,20,44,15,18,26,56,60,20,20,21,35,115
Michael Porter Jr.,SF,25,DEN,81,81,2565,522,1079,220,554,302,525,92,110,106,459,122,42,53,92,148,1356
Otto Porter Jr.,SF,30,TOR,15,1,174,14,33,8,23,6,10,3,3,6,23,8,5,5,2,19,39
Bobby Portis,PF,28,MIL,82,4,2008,466,918,100,246,366,672,98,124,142,465,104,68,34,91,189,1130
Kristaps Porziņģis,C,28,BOS,57,57,1690,388,752,110,293,278,459,259,302,97,312,115,42,111,89,156,1145
Micah Potter,PF,25,UTA,16,0,186,19,40,9,21,10,19,6,8,10,33,6,4,6,5,14,53
Dwight Powell,C,32,DAL,63,9,836,72,106,1,3,71,103,63,89,97,117,84,26,20,32,113,208
Norman Powell,SG,30,LAC,76,3,1990,373,768,167,384,206,384,143,172,16,179,82,43,22,66,137,1056
Jason Preston,PG,24,UTA,7,0,71,6,19,0,3,6,16,0,0,6,11,16,2,1,2,3,12
Joshua Primo,SG,21,LAC,2,0,10,1,3,0,1,1,2,0,0,1,0,0,0,1,4,0,2
Taurean Prince,PF,29,LAL,78,49,2108,253,572,141,356,112,216,50,68,21,209,119,58,35,73,146,697
Payton Pritchard,PG,26,BOS,82,5,1825,297,635,147,382,150,253,46,56,70,195,281,39,6,61,106,787
Olivier-Maxence Prosper,PF,21,DAL,40,1,336,40,104,13,45,27,59,28,41,25,54,22,7,4,8,20,121
Trevelin Queen,SG,26,ORL,14,0,165,14,38,3,17,11,21,9,12,3,17,18,7,5,7,15,40
Neemias Queta,C,24,BOS,28,0,333,67,104,0,0,67,104,20,28,53,69,20,13,21,13,50,154
Immanuel Quickley,SG,24,NYK,30,0,720,152,335,64,162,88,173,82,94,5,72,74,16,3,31,44,450
Immanuel Quickley,PG,24,TOR,38,38,1265,236,559,107,271,129,288,127,151,12,170,257,34,7,70,75,706
Lester Quinones,SG,23,GSW,37,0,394,56,141,32,88,24,53,20,29,21,51,36,6,2,17,44,164
Jahmi'us Ramsey,SG,22,TOR,7,1,121,18,41,6,22,12,19,5,6,4,18,8,7,0,7,10,47
Julius Randle,PF,29,NYK,46,46,1630,395,836,76,244,319,592,236,302,99,324,229,25,12,159,125,1102
Duop Reath,C,27,POR,68,20,1214,230,499,88,245,142,254,69,93,93,157,67,33,38,52,161,617
Austin Reaves,SG,25,LAL,82,57,2629,457,940,154,420,303,520,232,272,57,295,450,66,25,174,153,1300
Cam Reddish,SF,24,LAL,48,26,984,91,234,37,110,54,124,41,54,27,72,48,47,14,31,64,260
Paul Reed,C,24,PHI,82,24,1590,259,480,21,57,238,423,61,85,193,295,109,67,84,67,198,600
Naz Reid,C,24,MIN,81,14,1964,406,851,169,408,237,443,109,148,73,350,106,63,73,111,172,1090
Jared Rhoden,SG,24,DET,17,0,245,33,66,12,31,21,35,5,8,3,30,14,3,13,7,28,83
Nick Richards,C,26,CHO,67,51,1759,260,376,0,1,260,375,132,179,172,367,54,26,74,73,176,652
Josh Richardson,SG,30,MIA,43,6,1103,154,347,66,190,88,157,51,54,18,103,105,24,14,36,76,425
Duncan Robinson,SF,29,MIA,68,36,1905,304,675,187,473,117,202,80,90,15,158,192,46,16,95,163,875
Jerome Robinson,SG,26,GSW,22,0,81,11,33,2,17,9,16,7,11,1,5,5,1,3,2,5,31
Mitchell Robinson,C,25,NYK,31,21,768,73,127,0,0,73,127,27,66,142,121,18,37,35,25,55,173
Orlando Robinson,C,23,MIA,36,7,304,36,72,8,15,28,57,19,25,28,56,34,7,8,18,35,99
Jeremiah Robinson-Earl,PF,23,NOP,39,1,334,45,95,13,39,32,56,12,16,23,53,21,10,4,16,24,115
David Roddy,PF,22,MEM,48,13,1114,155,386,47,156,108,230,46,67,51,149,76,25,11,54,68,403
David Roddy,PF,22,PHO,17,0,63,10,23,1,8,9,15,1,1,2,9,4,2,0,3,4,22
Ryan Rollins,PG,21,WAS,10,0,66,13,25,2,3,11,22,13,17,2,9,11,8,3,7,7,41
Ryan Rollins,PG,21,MIL,3,0,12,1,2,1,1,0,1,0,0,0,2,3,2,0,1,1,3
Derrick Rose,PG,35,MEM,24,7,399,76,165,15,41,61,124,24,27,7,38,78,8,2,31,21,191
Terry Rozier,SG,29,CHO,30,30,1065,252,549,83,232,169,317,109,129,17,100,198,32,12,65,52,696
Terry Rozier,PG,29,MIA,31,30,975,190,449,66,178,124,271,63,69,18,112,144,31,9,41,49,509
Rayan Rupert,SG,19,POR,39,12,633,54,161,28,78,26,83,19,25,24,68,62,12,3,31,56,155
D'Angelo Russell,PG,27,LAL,76,69,2484,492,1080,226,545,266,535,159,192,28,208,482,69,36,156,156,1369
Matt Ryan,SF,26,NOP,28,1,390,49,113,41,91,8,22,13,14,6,34,18,6,1,19,32,152
Domantas Sabonis,C,27,SAC,82,82,2928,634,1068,33,87,601,981,292,415,294,826,673,74,48,272,250,1593
Luka Šamanić,PF,24,UTA,43,7,404,60,158,13,64,47,94,44,56,22,80,19,5,7,28,32,177
Jermaine Samuels,SF,25,HOU,14,0,60,9,14,0,2,9,12,2,2,3,10,3,1,2,0,5,20
Adama Sanogo,PF,21,CHI,9,0,66,14,27,0,0,14,27,8,12,19,17,0,1,0,5,5,36
Gui Santos,PF,21,GSW,23,0,192,28,55,10,27,18,28,16,17,17,32,14,4,2,7,23,82
Dario Šarić,C,29,GSW,64,9,1098,181,388,74,197,107,191,79,93,73,210,144,31,10,78,112,515
Olivier Sarr,C,24,OKC,15,0,98,11,19,2,6,9,13,10,15,10,26,2,0,7,3,18,34
Marcus Sasser,PG,23,DET,71,11,1351,219,512,90,240,129,272,58,66,11,114,236,44,12,90,103,586
Admiral Schofield,PF,26,ORL,23,0,84,10,26,6,16,4,10,0,2,3,14,7,1,0,5,9,26
Dennis Schröder,PG,30,TOR,51,33,1559,247,559,77,220,170,339,127,149,22,118,313,46,8,83,105,698
Dennis Schröder,PG,30,BRK,29,25,927,156,368,61,148,95,220,51,64,17,85,175,17,9,70,59,424
Dereon Seabron,SG,23,NOP,6,0,55,4,13,1,2,3,11,5,6,1,6,5,2,1,0,4,14
Alperen Sengun,C,21,HOU,63,63,2046,527,982,33,111,494,871,244,352,183,406,312,76,46,162,211,1331
Brice Sensabaugh,SF,20,UTA,32,11,584,85,218,34,115,51,103,37,41,16,86,55,13,6,47,43,241
Collin Sexton,SG,25,UTA,78,51,2075,506,1038,128,325,378,713,318,370,71,134,383,62,18,165,154,1458
Landry Shamet,SG,26,WAS,46,5,726,118,274,53,157,65,117,38,46,16,46,54,25,10,30,76,327
Day'Ron Sharpe,C,22,BRK,61,1,921,168,294,4,15,164,279,75,123,161,228,85,24,44,70,131,415
Shaedon Sharpe,SG,20,POR,32,25,1059,176,434,60,180,116,254,98,119,42,118,94,28,12,72,88,510
Ben Sheppard,SG,22,IND,57,1,814,90,229,49,156,41,73,23,26,15,74,53,33,2,15,88,252
Pascal Siakam,PF,29,TOR,39,39,1354,325,623,46,145,279,478,169,223,54,192,190,32,10,83,87,865
Pascal Siakam,PF,29,IND,41,41,1303,356,648,39,101,317,547,121,173,85,234,152,31,15,58,106,872
Ben Simmons,PG,27,BRK,15,12,359,43,74,0,0,43,74,6,15,31,88,86,12,9,27,36,92
Kobi Simmons,PG,26,TOR,4,0,67,9,21,2,8,7,13,0,0,1,6,12,6,2,1,5,20
Anfernee Simons,SG,24,POR,46,46,1582,360,837,156,405,204,432,163,178,22,145,255,23,5,126,98,1039
Zavier Simpson,PG,26,MEM,7,0,161,17,54,5,17,12,37,3,4,4,16,25,7,3,10,11,42
Jericho Sims,C,25,NYK,45,11,585,38,55,0,0,38,55,16,24,56,91,25,8,19,16,45,92
Dmytro Skapintsev,C,25,NYK,2,0,2,0,1,0,0,0,1,0,0,0,0,0,0,0,0,0,0
Jalen Slawson,SF,24,SAC,12,0,37,4,6,0,2,4,4,0,0,1,6,2,1,1,2,8,8
Javonte Smart,PG,24,PHI,1,0,1,0,0,0,0,0,0,0,0,0,0,0,0,0,0,0,0
Marcus Smart,PG,29,MEM,20,20,605,102,237,42,134,60,103,43,56,6,47,86,41,5,62,53,289
Dennis Smith Jr.,PG,26,BRK,56,2,1059,147,338,32,109,115,229,43,58,50,114,203,68,12,68,121,369
Dru Smith,SG,26,MIA,9,0,131,15,33,7,17,8,16,2,2,6,8,14,9,3,5,12,39
Ish Smith,PG,35,CHO,43,5,741,66,158,4,8,62,150,3,4,11,65,145,17,4,47,49,139
Jabari Smith Jr.,PF,20,HOU,76,76,2424,378,833,138,380,240,453,150,185,139,477,121,52,61,89,200,1044
Jalen Smith,C,23,IND,61,14,1047,234,395,61,144,173,251,72,104,112,225,63,17,38,44,124,601
Nick Smith Jr.,SG,19,CHO,51,0,729,113,289,63,146,50,143,13,15,18,54,59,10,7,39,55,302
Terquavion Smith,PG,21,PHI,16,0,84,18,46,13,35,5,11,3,5,0,4,12,8,0,7,8,52
Jeremy Sochan,PF,20,SAS,74,73,2193,340,776,70,227,270,549,111,144,137,339,249,62,40,140,168,861
Pat Spencer,PG,27,GSW,6,0,26,2,4,0,2,2,2,0,0,2,2,5,0,0,1,1,4
Jaden Springer,SG,21,PHI,32,1,377,46,118,8,37,38,81,28,34,25,33,35,25,11,26,49,128
Jaden Springer,PG,21,BOS,17,1,130,13,30,2,11,11,19,7,8,8,12,9,11,4,8,17,35
Lamar Stevens,PF,26,BOS,19,1,122,21,45,3,8,18,37,8,11,12,19,8,6,5,9,14,53
Lamar Stevens,PF,26,MEM,19,2,437,87,195,11,38,76,157,34,43,24,72,20,17,17,15,31,219
Isaiah Stewart,PF,22,DET,46,45,1423,186,382,67,175,119,207,64,85,74,231,73,17,38,66,99,503
Julian Strawther,SF,21,DEN,50,0,545,82,222,41,138,41,84,22,31,5,56,47,17,7,23,54,227
Max Strus,SF,27,CLE,70,70,2239,304,728,168,479,136,249,77,97,66,272,283,64,29,112,170,853
Jalen Suggs,SG,22,ORL,75,75,2025,336,714,153,385,183,329,118,156,48,181,205,106,47,132,205,943
Cole Swider,SF,24,MIA,18,0,87,15,38,10,30,5,8,2,2,1,6,5,1,1,8,4,42
Jae'Sean Tate,SF,28,HOU,65,9,1031,108,229,23,77,85,152,26,39,61,136,64,42,15,37,137,265
Jayson Tatum,PF,25,BOS,74,74,2645,672,1426,229,609,443,817,414,497,67,534,364,75,43,188,145,1987
Terry Taylor,PF,24,CHI,31,0,188,20,39,2,9,18,30,4,5,17,20,10,5,2,7,17,46
Garrett Temple,SG,37,TOR,27,2,289,29,78,12,40,17,38,18,22,18,27,28,12,3,14,28,88
Dalen Terry,SG,21,CHI,59,2,681,69,157,17,74,52,83,25,43,29,84,81,27,18,32,81,180
Daniel Theis,C,31,IND,1,0,8,1,4,0,1,1,3,0,0,0,0,0,0,0,0,1,2
Daniel Theis,C,31,LAC,59,3,1007,155,289,26,70,129,219,38,50,85,159,61,21,51,42,126,374
Cam Thomas,SG,22,BRK,66,51,2075,526,1190,144,396,382,794,286,334,28,186,192,45,16,124,138,1482
Isaiah Thomas,PG,34,PHO,6,0,19,3,10,2,4,1,6,0,0,0,0,3,0,0,0,0,8
Amen Thompson,SF,21,HOU,62,23,1388,239,446,8,58,231,388,106,155,148,261,163,78,38,90,141,592
Ausar Thompson,SF,21,DET,63,38,1583,232,480,21,113,211,367,71,119,129,273,120,68,59,84,175,556
Klay Thompson,SF,33,GSW,77,63,2284,490,1133,268,692,222,441,127,137,35,219,176,50,35,117,127,1375
Tristan Thompson,C,32,CLE,49,0,549,73,120,0,1,73,119,15,52,73,101,51,12,14,29,59,161
JT Thor,PF,21,CHO,63,3,781,80,183,28,81,52,102,11,20,43,103,29,11,27,15,60,199
Matisse Thybulle,SF,26,POR,65,19,1487,126,317,80,231,46,86,22,29,30,106,90,113,49,40,93,354
Xavier Tillman Sr.,C,25,MEM,34,13,700,87,213,12,53,75,160,18,43,56,101,57,42,35,29,60,204
Xavier Tillman Sr.,PF,25,BOS,20,2,274,34,66,8,28,26,38,4,7,14,40,20,9,9,5,15,80
Jacob Toppin,SF,23,NYK,9,0,38,5,9,1,4,4,5,2,2,3,4,3,0,1,1,3,13
Obi Toppin,PF,25,IND,82,28,1730,332,579,102,253,230,326,77,100,85,235,128,47,43,69,143,843
Juan Toscano-Anderson,SF,30,SAC,11,0,53,3,12,1,4,2,8,0,0,4,10,4,1,1,2,11,7
Karl-Anthony Towns,PF,28,MIN,62,62,2026,479,951,136,327,343,624,255,292,94,421,189,43,41,177,204,1349
Gary Trent Jr.,SG,25,TOR,71,41,1994,361,847,178,453,183,394,74,96,25,163,119,77,10,47,96,974
Oscar Tshiebwe,PF,24,IND,8,0,42,10,20,0,0,10,20,6,8,8,8,2,2,1,0,3,26
P.J. Tucker,PF,38,PHI,3,3,66,2,5,2,5,0,0,0,0,1,13,0,3,2,2,9,6
P.J. Tucker,PF,38,LAC,28,7,420,16,45,11,30,5,15,3,3,27,44,16,13,5,6,45,46
Myles Turner,C,27,IND,77,77,2076,476,909,116,324,360,585,245,317,113,420,100,39,144,109,232,1313
Hunter Tyson,PF,23,DEN,18,0,48,8,20,4,14,4,6,0,0,1,8,2,1,0,2,10,20
Stanley Umude,SG,24,DET,24,2,307,37,84,24,53,13,31,29,32,8,43,11,8,7,14,40,127
Jonas Valančiūnas,C,31,NOP,82,82,1925,402,719,37,120,365,599,161,205,186,535,173,32,68,111,218,1002
Jarred Vanderbilt,PF,24,LAL,29,6,581,59,114,8,27,51,87,24,36,41,97,36,36,5,28,43,150
Fred VanVleet,PG,29,HOU,73,73,2684,423,1018,227,586,196,432,197,229,33,245,589,101,59,126,183,1270
Devin Vassell,SG,23,SAS,68,62,2248,498,1056,166,446,332,610,161,201,27,234,277,73,23,108,74,1323
Sasha Vezenkov,PF,28,SAC,42,0,511,84,191,45,120,39,71,12,15,30,66,19,20,7,12,42,225
Gabe Vincent,PG,27,LAL,11,0,218,15,49,3,28,12,21,1,2,4,5,21,9,0,5,19,34
Nikola Vučević,C,33,CHI,76,74,2610,586,1211,92,313,494,898,106,129,210,591,254,50,60,120,190,1370
Tristan Vukcevic,C,20,WAS,10,4,153,29,67,10,36,19,31,17,22,6,30,13,5,7,10,28,85
Dean Wade,PF,27,CLE,54,32,1108,96,232,79,202,17,30,20,26,37,181,43,40,25,20,93,291
Franz Wagner,SF,22,ORL,72,72,2337,528,1096,94,334,434,762,271,319,72,309,269,76,28,137,168,1421
Moritz Wagner,C,26,ORL,80,1,1415,332,552,38,115,294,437,166,204,117,230,96,39,21,97,160,868
Ish Wainright,SF,29,POR,7,0,46,6,18,6,16,0,2,2,2,0,9,0,2,1,1,4,20
Ish Wainright,SF,29,PHO,4,0,16,1,6,1,4,0,2,0,0,3,2,1,2,0,1,4,3
Jabari Walker,SF,21,POR,72,23,1700,234,509,41,139,193,370,129,171,151,357,71,42,22,66,173,638
Jarace Walker,PF,20,IND,33,0,340,45,110,22,55,23,55,8,9,12,51,40,15,11,17,29,120
Lonnie Walker IV,SG,25,BRK,58,0,1011,208,492,104,271,104,221,45,59,13,114,74,32,20,51,71,565
Cason Wallace,SG,20,OKC,82,13,1692,217,442,98,234,119,208,29,37,52,135,120,76,37,45,129,561
Jordan Walsh,SF,19,BOS,9,1,83,6,15,2,9,4,6,1,2,5,15,5,5,1,3,11,15
T.J. Warren,SF,30,MIN,11,0,125,18,41,2,13,16,28,3,4,5,17,9,4,1,4,11,41
P.J. Washington,PF,25,CHO,44,17,1286,227,509,79,244,148,265,67,94,53,179,97,38,32,66,112,600
P.J. Washington,PF,25,DAL,29,28,935,127,302,53,169,74,133,32,51,32,147,44,34,27,30,57,339
TyTy Washington Jr.,PG,22,MIL,11,0,56,6,20,2,6,4,14,0,0,1,4,5,3,0,2,1,14
Yuta Watanabe,SF,29,PHO,29,0,382,35,97,24,75,11,22,10,15,11,34,10,9,7,16,34,104
Yuta Watanabe,SF,29,MEM,5,0,82,6,19,1,10,5,9,0,2,0,9,5,3,0,3,5,13
Lindy Waters III,SG,26,OKC,38,0,280,49,104,37,85,12,19,2,2,7,33,24,5,7,7,23,137
Trendon Watford,PF,23,BRK,63,2,856,164,311,27,68,137,243,77,97,52,142,81,23,19,63,106,432
Peyton Watson,SF,21,DEN,80,4,1488,208,447,45,152,163,295,71,106,56,202,86,42,88,58,143,532
Victor Wembanyama,C,20,SAS,71,71,2106,551,1186,128,394,423,792,292,367,161,594,274,88,254,260,153,1522
Blake Wesley,SG,20,SAS,61,3,876,102,215,12,55,90,160,52,78,18,76,166,29,9,55,89,268
Russell Westbrook,PG,35,LAC,68,11,1529,301,663,42,154,259,509,110,160,93,250,306,74,23,144,121,754
Coby White,PG,23,CHI,79,78,2881,541,1209,209,556,332,653,218,260,44,314,405,53,18,166,186,1509
Derrick White,SG,29,BOS,73,73,2381,387,839,196,495,191,344,137,152,51,259,377,74,87,112,152,1107
Jack White,SF,26,MEM,4,0,64,2,16,2,10,0,6,0,0,4,8,1,4,1,2,3,6
Cam Whitmore,SF,19,HOU,47,2,880,212,467,79,220,133,247,76,112,44,136,33,30,17,46,64,579
Aaron Wiggins,SG,25,OKC,78,4,1228,212,377,62,126,150,251,56,71,60,126,86,56,19,56,91,542
Andrew Wiggins,SF,28,GSW,71,59,1920,353,780,91,254,262,526,142,189,108,213,119,42,41,87,147,939
Lindell Wigginton,PG,25,MIL,3,0,8,2,5,0,2,2,3,2,2,0,0,0,0,0,1,1,6
Alondes Williams,SG,24,MIA,7,0,16,2,8,0,4,2,4,1,1,0,1,0,0,1,2,2,5
Brandon Williams,PG,24,DAL,17,0,113,20,54,3,15,17,39,11,17,4,9,17,1,1,7,4,54
Grant Williams,PF,25,DAL,47,33,1242,131,317,79,210,52,107,41,55,46,123,81,24,27,53,137,382
Grant Williams,PF,25,CHO,29,10,888,145,288,47,126,98,162,65,85,40,109,93,20,12,56,89,402
Jalen Williams,PF,22,OKC,71,71,2223,536,993,103,241,433,752,180,221,37,245,322,80,45,123,175,1355
Jaylin Williams,C,21,OKC,69,1,897,95,228,53,144,42,84,33,41,36,198,110,28,27,34,98,276
Jeenathan Williams,SG,24,HOU,22,0,129,27,50,2,5,25,45,7,13,12,11,7,4,1,4,10,63
Kenrich Williams,PF,29,OKC,69,1,1029,131,280,56,141,75,139,7,14,61,148,93,38,9,32,101,325
Malik Williams,C,25,TOR,7,2,107,9,34,1,5,8,29,0,2,15,23,2,3,4,3,15,19
Mark Williams,C,22,CHO,19,19,508,98,151,0,0,98,151,46,64,76,108,22,16,20,17,50,242
Patrick Williams,PF,22,CHI,43,30,1174,159,359,59,148,100,211,52,66,46,120,66,40,33,57,87,429
Robert Williams,C,26,POR,6,0,119,17,26,0,0,17,26,7,9,11,27,5,7,7,7,17,41
Vince Williams Jr.,SG,23,MEM,52,33,1436,169,379,79,209,90,170,104,130,59,231,175,47,34,92,135,521
Ziaire Williams,SF,22,MEM,51,15,1038,150,378,58,189,92,189,62,75,35,145,75,36,9,66,85,420
Zion Williamson,PF,23,NOP,70,70,2207,624,1094,6,18,618,1076,347,494,122,284,352,77,47,193,159,1601
D.J. Wilson,PF,27,PHI,2,0,15,4,6,2,2,2,4,0,0,1,1,2,0,2,0,1,10
Jalen Wilson,PF,23,BRK,43,3,664,76,179,24,74,52,105,38,46,47,84,45,11,4,19,48,214
Dylan Windler,SF,27,NYK,3,0,7,1,2,1,2,0,0,0,0,0,1,1,0,0,0,1,3
Dylan Windler,SF,27,LAL,8,0,28,4,9,4,8,0,1,0,0,0,3,6,0,0,0,2,12
Dylan Windler,SF,27,ATL,6,0,73,10,19,8,17,2,2,0,0,3,9,3,2,0,2,3,28
James Wiseman,C,22,DET,63,6,1091,187,305,0,2,187,303,72,102,110,226,54,12,39,66,141,446
Isaiah Wong,SG,23,IND,1,0,4,1,3,0,1,1,2,0,0,0,0,0,0,0,0,0,2
Christian Wood,PF,28,LAL,50,1,872,123,264,35,114,88,150,66,94,39,215,49,16,33,50,72,347
Delon Wright,PG,31,WAS,33,0,456,48,122,14,38,34,84,24,29,13,46,82,35,8,11,22,134
Delon Wright,PG,31,MIA,14,1,286,26,66,11,30,15,36,13,16,6,21,37,19,3,3,10,76
Thaddeus Young,PF,35,TOR,23,6,350,54,87,1,6,53,81,5,12,29,46,50,18,3,11,38,114
Thaddeus Young,PF,35,PHO,10,0,89,11,21,0,1,11,20,1,3,17,11,7,5,2,4,11,23
Trae Young,PG,25,ATL,54,54,1942,433,1008,175,469,258,539,348,407,23,126,583,72,11,235,109,1389
Omer Yurtseven,C,25,UTA,48,12,545,99,184,5,24,94,160,19,28,72,136,29,8,18,37,52,222
Cody Zeller,C,31,NOP,43,0,320,26,62,1,3,25,59,23,38,48,64,39,9,5,16,45,76
Ivica Zubac,C,26,LAC,68,68,1794,337,519,0,0,337,519,120,166,196,430,93,22,83,79,180,794
